,<Rg> (nm),<Ree> (nm),nu,<Delta>,<S>,Sconf/N (kB)
Value,1.7618852648635426,2.434683322906494,-0.041420197671278663,0.10778085194045443,0.3377159196818142,9.988386666643088
Error,0.009947946984046448,0.06602785091987876,0.022422141694482672,0.007929417615178179,0.053670864129771206,0.0
