,<Rg> (nm),<Ree> (nm),nu,<Delta>,<S>,Sconf/N (kB)
Value,3.255899269576636,7.7338361740112305,0.5575316858181114,0.22609997108224505,0.9282880318461523,10.362979891285015
Error,0.025957929304303986,0.10262401516228094,0.001997849802208474,0.016375485874177323,0.09327408967800448,0.0
