,<Rg> (nm),<Ree> (nm),nu,<Delta>,<S>,Sconf/N (kB)
Value,3.0279617708432816,6.999725341796875,0.4994064650364077,0.2139674212809705,0.8439179563222711,10.466260998942346
Error,0.0396261034045981,0.15341014067651726,0.004153045768472494,0.021502299211140677,0.10901202121728505,0.0
