,<Rg> (nm),<Ree> (nm),nu,<Delta>,<S>,Sconf/N (kB)
Value,3.019632557776081,7.252693176269531,0.5546434242006764,0.2263564390855637,0.931218385817427,10.232125596272164
Error,0.019966224335887187,0.0863037664474459,0.0014791690651616695,0.014670096682094222,0.09585448203207612,0.0
