,<Rg> (nm),<Ree> (nm),nu,<Delta>,<S>,Sconf/N (kB)
Value,3.209174400130636,7.5842671394348145,0.5476898040480411,0.21659182815943173,0.901797345994709,10.367699790957651
Error,0.02694515886614518,0.10711612787848958,0.0020629256483727537,0.014409674372064389,0.08971526056216673,0.0
