,<Rg> (nm),<Ree> (nm),nu,<Delta>,<S>,Sconf/N (kB)
Value,3.022022572516442,7.2423906326293945,0.552563764546812,0.2242854258464657,0.9000548780234213,10.290513900897468
Error,0.022795523738295947,0.11506929557483395,0.0016804137833701038,0.015315603399621519,0.08611546275046231,0.0
