,<Rg> (nm),<Ree> (nm),nu,<Delta>,<S>,Sconf/N (kB)
Value,2.0732242770687646,3.3563523292541504,0.07949883806754804,0.1488303802081723,0.5535312607332648,10.056162838112979
Error,0.012090719440772939,0.05982368145356337,0.01797121858334999,0.012024268434108573,0.08881705828177368,0.0
