,<Rg> (nm),<Ree> (nm),nu,<Delta>,<S>,Sconf/N (kB)
Value,3.003426952993946,6.813266754150391,0.4940811975844205,0.2060208546785065,0.915556451862795,10.35332340241081
Error,0.03200543005385021,0.13988847648354108,0.0036709031173635717,0.019141287033435754,0.13719442394041295,0.0
