,<Rg> (nm),<Ree> (nm),nu,<Delta>,<S>,Sconf/N (kB)
Value,2.1302503444824032,3.2299928665161133,0.045757558444714644,0.13754169902671942,0.4661758606886343,10.24716078347752
Error,0.009409664282519874,0.060991833816642915,0.024483238508153614,0.007124594589573272,0.03568926280664543,0.0
