,<Rg> (nm),<Ree> (nm),nu,<Delta>,<S>,Sconf/N (kB)
Value,3.771482817912604,8.959446092085404,0.5475761901222308,0.22721530307921914,0.8803280305827424,9.907117333454751
Error,0.04434465400665379,0.16958274299221132,0.0015143958519053943,0.021324375603149592,0.10924518971576457,0.0
