,<Rg> (nm),<Ree> (nm),nu,<Delta>,<S>,Sconf/N (kB)
Value,2.3606480260604443,4.477853775024414,0.2554617728150155,0.15873348010204236,0.6922032568728785,10.41702289852015
Error,0.006488551514685294,0.027231064087523484,0.010834142074993695,0.006135662212457902,0.07048566257145412,0.0
