,<Rg> (nm),<Ree> (nm),nu,<Delta>,<S>,Sconf/N (kB)
Value,1.722758676750596,2.6547493934631348,-0.02728942632289611,0.11254880765261771,0.3899156880715448,9.863493398397845
Error,0.008113825676565491,0.057639311013790814,0.023043400282989963,0.008674500032408813,0.05350052933300448,0.0
