,<Rg> (nm),<Ree> (nm),nu,<Delta>,<S>,Sconf/N (kB)
Value,3.014879098294738,7.247231960296631,0.5587940017544059,0.19694285807759007,0.8985298055438115,10.229581969510429
Error,0.01995846189068752,0.08759350561952708,0.0011313525317659502,0.011308375261956972,0.08139093500390933,0.0
