,<Rg> (nm),<Ree> (nm),nu,<Delta>,<S>,Sconf/N (kB)
Value,2.5889774487098536,6.256374359130859,0.5589384284374819,0.21901903785769355,0.9333678020601955,10.224590960225454
Error,0.01573997676440115,0.06854327604503399,0.003582156626937443,0.012322981431118502,0.06678482877742503,0.0
