,<Rg> (nm),<Ree> (nm),nu,<Delta>,<S>,Sconf/N (kB)
Value,1.9747658874685048,2.478654384613037,-0.034761434821615964,0.13753439824542296,0.4500887931902928,10.07229128263623
Error,0.010383551407646713,0.030668973585514826,0.030012596451268667,0.00933170628418524,0.04799285926815787,0.0
