,<Rg> (nm),<Ree> (nm),nu,<Delta>,<S>,Sconf/N (kB)
Value,2.39048376116575,5.312155723571777,0.40569607301592225,0.18883910365386739,0.8150826753814173,10.210453193720422
Error,0.008781537471039921,0.03076997655471146,0.008448126064782404,0.006798833525702819,0.046708505508502814,0.0
