,<Rg> (nm),<Ree> (nm),nu,<Delta>,<S>,Sconf/N (kB)
Value,2.018686847976441,3.0316343307495117,0.0027027938786182114,0.12770097923624546,0.4111732718344831,10.125728905020345
Error,0.008592686454565346,0.0476907729855457,0.027302804180917913,0.007999098377811813,0.034322329451859944,0.0
