,<Rg> (nm),<Ree> (nm),nu,<Delta>,<S>,Sconf/N (kB)
Value,2.088368307790588,3.02528977394104,0.02454088774300486,0.14101825437898205,0.4839897563574167,10.182484914704371
Error,0.009158644815237073,0.05027949583590711,0.02552586497228343,0.007587853523097798,0.03834374466937685,0.0
