,<Rg> (nm),<Ree> (nm),nu,<Delta>,<S>,Sconf/N (kB)
Value,2.0207580455018403,2.563965320587158,-0.019352762362700286,0.14335154730131022,0.4431119096627335,10.11674280526153
Error,0.009738068776289355,0.03939529023018903,0.02941037533272831,0.007221913665015245,0.03185127574496141,0.0
