,<Rg> (nm),<Ree> (nm),nu,<Delta>,<S>,Sconf/N (kB)
Value,1.891903164825803,2.5913734436035156,-0.01595731511637798,0.11716671380035587,0.36527375905002213,10.062057744119977
Error,0.009377943105581018,0.04841820368647568,0.024202126611799685,0.00681018283784041,0.03244631737346889,0.0
