,<Rg> (nm),<Ree> (nm),nu,<Delta>,<S>,Sconf/N (kB)
Value,1.8212231986763179,2.5569870471954346,-0.03970225185809993,0.1142219632904446,0.37000914301453125,9.934300282952085
Error,0.008741253608475394,0.04714685016363239,0.02617396864797178,0.006735796399553528,0.03809245441768996,0.0
