,<Rg> (nm),<Ree> (nm),nu,<Delta>,<S>,Sconf/N (kB)
Value,3.8172425514861117,9.057049834848655,0.5502308257155418,0.21596177376472428,0.9748875665612441,9.926076925622416
Error,0.0440967382759825,0.1763602934468521,0.001568629797417717,0.018334378556644465,0.1257096903270517,0.0
