,<Rg> (nm),<Ree> (nm),nu,<Delta>,<S>,Sconf/N (kB)
Value,2.6483699156749596,5.302742004394531,0.35544239541302675,0.18132901275134958,0.7981119177035859,10.358861981926303
Error,0.03685934162087105,0.16996858191637473,0.008724153479211847,0.020424574418171932,0.13680340950961783,0.0
