,<Rg> (nm),<Ree> (nm),nu,<Delta>,<S>,Sconf/N (kB)
Value,2.995795909007286,7.065096855163574,0.5330225588918339,0.2083460089174435,0.8751675274141552,10.302883497021572
Error,0.02281621569728692,0.09666362633983996,0.0021535767805806487,0.013629650455935869,0.08058324641751598,0.0
