,<Rg> (nm),<Ree> (nm),nu,<Delta>,<S>,Sconf/N (kB)
Value,2.7044291655972934,5.974442481994629,0.4412232111970662,0.21967448336623302,0.904603929707239,10.336895315055317
Error,0.032046759773745694,0.1470404407067188,0.005255304693123165,0.029206563879681017,0.16836387165658467,0.0
