,<Rg> (nm),<Ree> (nm),nu,<Delta>,<S>,Sconf/N (kB)
Value,2.9500139588057417,7.0465850830078125,0.5536421713871142,0.2151664372874944,0.9012907571644861,10.13430808124159
Error,0.01902190093479207,0.08097977246234313,0.0014843239284515774,0.014950872770895775,0.0892261055448456,0.0
