,<Rg> (nm),<Ree> (nm),nu,<Delta>,<S>,Sconf/N (kB)
Value,1.8169271528475703,2.781419515609741,0.005278790522879259,0.12923338905555376,0.4368379693146948,9.822802890440213
Error,0.011428467254300185,0.07167481187472345,0.01822523913610951,0.01157708917320876,0.05677325752815726,0.0
