,<Rg> (nm),<Ree> (nm),nu,<Delta>,<S>,Sconf/N (kB)
Value,3.2677776358926893,7.897545337677002,0.5743272283343479,0.2255744418893334,0.9976521077966285,10.322950493463404
Error,0.025414756765274913,0.1050277319445865,0.0018022650736634251,0.01996111420867462,0.11078497163434695,0.0
