,<Rg> (nm),<Ree> (nm),nu,<Delta>,<S>,Sconf/N (kB)
Value,2.951900086307355,7.037205696105957,0.5375884425068252,0.21666555137469948,0.8405414769099185,10.299900216512283
Error,0.023219319943552915,0.10812982925814332,0.0021222182944182553,0.015689312900385256,0.08921974305456179,0.0
