,<Rg> (nm),<Ree> (nm),nu,<Delta>,<S>,Sconf/N (kB)
Value,2.661834733615083,5.644265651702881,0.4177992023024329,0.19089173160771056,0.7582613619256163,10.263299253471269
Error,0.02723994685577887,0.13750608513199672,0.006017817108685873,0.018406679082569082,0.0963868606693341,0.0
