,<Rg> (nm),<Ree> (nm),nu,<Delta>,<S>,Sconf/N (kB)
Value,3.041130611759494,7.381187438964844,0.5603244734795412,0.22064163854440982,0.8627991287512231,10.33411735637686
Error,0.023026359515745855,0.09383134387616711,0.0012399204148052104,0.01300267420731159,0.0741734894835749,0.0
