,<Rg> (nm),<Ree> (nm),nu,<Delta>,<S>,Sconf/N (kB)
Value,2.492641846353184,5.028052806854248,0.2961438858106842,0.17332830419343162,0.6717832698155624,10.31823290264128
Error,0.030969052698607228,0.13366999914248962,0.01232086512774428,0.02424207819790075,0.15743663174443642,0.0
