,<Rg> (nm),<Ree> (nm),nu,<Delta>,<S>,Sconf/N (kB)
Value,3.2127062283913714,7.735366344451904,0.5678018769723567,0.22622435126823381,0.9421213707656647,10.272830130496605
Error,0.024657493870777872,0.1019330117105806,0.0014010296682423389,0.015091385693482725,0.08693510051098409,0.0
