,<Rg> (nm),<Ree> (nm),nu,<Delta>,<S>,Sconf/N (kB)
Value,1.9973334749134968,3.1184263229370117,0.0610816391287585,0.12487463738530348,0.39356451800366876,10.07614700986159
Error,0.008877461783814086,0.05324982183753502,0.021233991644747336,0.008066152183281909,0.06224376390760204,0.0
