,<Rg> (nm),<Ree> (nm),nu,<Delta>,<S>,Sconf/N (kB)
Value,3.2660246406786366,7.772377014160156,0.5576113563037628,0.23452741111663925,0.950976907749888,10.355160577979674
Error,0.024252844119016955,0.1028540708514537,0.002035725149542947,0.01568821474341826,0.08756776195154173,0.0
