,<Rg> (nm),<Ree> (nm),nu,<Delta>,<S>,Sconf/N (kB)
Value,1.8371758532404618,2.524434804916382,-0.020638822521472873,0.11373535703116278,0.3953970131671034,10.026569257864072
Error,0.010486150351657814,0.05262958744047065,0.023143744404414354,0.008265583527197608,0.05351441677065533,0.0
