,<Rg> (nm),<Ree> (nm),nu,<Delta>,<S>,Sconf/N (kB)
Value,3.2125149595234883,7.735317707061768,0.5643576601376595,0.2136732437253607,0.9207789507204928,10.295163433894759
Error,0.023999975038084265,0.09593794935515111,0.0014908557065824743,0.01413405461378791,0.09545060571293806,0.0
