,<Rg> (nm),<Ree> (nm),nu,<Delta>,<S>,Sconf/N (kB)
Value,3.031346444087899,7.239596843719482,0.552398504012361,0.2200969454321336,0.8498095223585017,10.281644140894352
Error,0.020072212237710024,0.09013416715316022,0.0016799201702699064,0.01278221567099742,0.07034538648237795,0.0
