,<Rg> (nm),<Ree> (nm),nu,<Delta>,<S>,Sconf/N (kB)
Value,2.212035990084503,3.543083906173706,0.1101050791264935,0.1764631747551689,0.7216783611862801,10.24937803048806
Error,0.024642816672434426,0.1103607351173998,0.020063225606775602,0.03609170648016688,0.29205186056933413,0.0
