,<Rg> (nm),<Ree> (nm),nu,<Delta>,<S>,Sconf/N (kB)
Value,2.9332190630693527,6.8064374923706055,0.5189568232559149,0.21725052812683496,0.9261680629968916,10.25811400526734
Error,0.034367609450522085,0.15578549610494147,0.0033941453981672707,0.01750575104999476,0.11358170542287942,0.0
