,<Rg> (nm),<Ree> (nm),nu,<Delta>,<S>,Sconf/N (kB)
Value,3.003643923260176,7.2519402503967285,0.5539091283576593,0.21503986238787356,0.9195634101534987,10.213614471974367
Error,0.020072075881669416,0.08534558380248786,0.0012497059990866184,0.01369386169833133,0.10489755736896347,0.0
