,<Rg> (nm),<Ree> (nm),nu,<Delta>,<S>,Sconf/N (kB)
Value,3.0437902522027063,7.401885509490967,0.5680102052305334,0.23042624131031497,0.9244754977906867,10.222877913292937
Error,0.020195449224026822,0.09212367941981262,0.0008902617281877789,0.013782439350736721,0.07707640445230671,0.0
