,<Rg> (nm),<Ree> (nm),nu,<Delta>,<S>,Sconf/N (kB)
Value,2.9941484747073446,7.06876802444458,0.5428535738783609,0.20971742135581972,0.8922848562881504,10.297208869273332
Error,0.02338712932222249,0.10675508400365345,0.0023072424658488818,0.01513251272278118,0.08515474239409074,0.0
