,<Rg> (nm),<Ree> (nm),nu,<Delta>,<S>,Sconf/N (kB)
Value,1.9777458057932593,2.7561519145965576,-0.01554549744186103,0.13829397852450334,0.48115864575632145,10.093170163139687
Error,0.010229162433471337,0.05766423861261549,0.027406936247473236,0.007471872653007281,0.04458004489735133,0.0
