,<Rg> (nm),<Ree> (nm),nu,<Delta>,<S>,Sconf/N (kB)
Value,3.0549158848127456,7.387311935424805,0.5633510809488961,0.22709704585415283,0.9174636278772628,10.234809640572228
Error,0.021228156252057873,0.08810438492457928,0.0012916106681738972,0.01596164930882717,0.0847714021770123,0.0
