,<Rg> (nm),<Ree> (nm),nu,<Delta>,<S>,Sconf/N (kB)
Value,3.1292462262250673,7.421497344970703,0.5352103954789867,0.19889004432303348,0.8759739131192547,10.40211833454668
Error,0.02888993718336299,0.11606001420360838,0.0023035405158660627,0.01488193332256747,0.09309632435591318,0.0
