,<Rg> (nm),<Ree> (nm),nu,<Delta>,<S>,Sconf/N (kB)
Value,2.9891605360708913,7.153675556182861,0.5491440700446053,0.2124636131152592,0.895739843748286,10.214673661042907
Error,0.020098262582424496,0.08838489241451357,0.001615510455098764,0.013083050482485724,0.07952118411367824,0.0
