,<Rg> (nm),<Ree> (nm),nu,<Delta>,<S>,Sconf/N (kB)
Value,2.9956674833780204,7.07136344909668,0.5431897136815548,0.20240544184454357,0.8829129291916279,10.247597330085766
Error,0.024035738129212617,0.10607225587506906,0.0021063111757001654,0.01388959566244622,0.08734662822165382,0.0
