,<Rg> (nm),<Ree> (nm),nu,<Delta>,<S>,Sconf/N (kB)
Value,3.7672225392609,8.833306683916033,0.5343643515966756,0.20928696956380793,0.9536135821522191,9.916941659730071
Error,0.04157426997507787,0.17747315694376314,0.0019375351492911857,0.020920970095871703,0.15407389625399875,0.0
