,<Rg> (nm),<Ree> (nm),nu,<Delta>,<S>,Sconf/N (kB)
Value,3.7336298685246088,8.8016939163208,0.5352684340529139,0.21554407198467174,0.8883386970197984,10.194360072180716
Error,0.011027958479702988,0.046163750797348,0.001522105524165855,0.0056411550227595635,0.03480703993737129,0.0
