,<Rg> (nm),<Ree> (nm),nu,<Delta>,<S>,Sconf/N (kB)
Value,1.9950753528729541,2.228156805038452,-0.02084829791276423,0.12779641656736754,0.43702559804932295,10.057106454208595
Error,0.0076486350963051565,0.04021380109555041,0.03179398676849762,0.005446712753199458,0.031565475155644916,0.0
