,<Rg> (nm),<Ree> (nm),nu,<Delta>,<S>,Sconf/N (kB)
Value,2.9892567447763843,7.2322211265563965,0.5644406803931578,0.21374621231425964,0.9299243081219575,10.111173350120723
Error,0.02535786214495445,0.09945911554436435,0.0014663160609452832,0.014481003459416192,0.07972155420510837,0.0
