,<Rg> (nm),<Ree> (nm),nu,<Delta>,<S>,Sconf/N (kB)
Value,2.962847684909845,6.983919143676758,0.5404879659760629,0.21652425527350158,0.8883953516141087,10.232699900278336
Error,0.0210820387404169,0.108051579266002,0.0017101700710810345,0.013568593032759866,0.07410180919285468,0.0
