,<Rg> (nm),<Ree> (nm),nu,<Delta>,<S>,Sconf/N (kB)
Value,3.7498825870340053,8.841313563091587,0.5386176160694647,0.24972905168798548,0.924418306862853,9.943034952902153
Error,0.03897191376791667,0.1618175987087605,0.0015646634368298034,0.02389751221942075,0.14885400818347502,0.0
