,<Rg> (nm),<Ree> (nm),nu,<Delta>,<S>,Sconf/N (kB)
Value,3.1985454475814166,7.747007369995117,0.5610348386299008,0.2213271346501208,0.9077160890745373,10.635757073316459
Error,0.006577628402897935,0.028165642618881232,0.0017268179054172764,0.004694516201188429,0.02730488900737048,0.0
