,<Rg> (nm),<Ree> (nm),nu,<Delta>,<S>,Sconf/N (kB)
Value,2.9099711692998764,6.6656413078308105,0.5199403642031192,0.21444286681619845,0.9229987032583052,10.239028986766606
Error,0.02260843806116336,0.1059250329087358,0.0023551739186368236,0.014276781513308943,0.09968093980476234,0.0
