,<Rg> (nm),<Ree> (nm),nu,<Delta>,<S>,Sconf/N (kB)
Value,2.1554949949020865,3.3976614475250244,0.11327122121413367,0.12698873305824637,0.40228304248859037,10.18345874255273
Error,0.01123804592989757,0.06617547323657562,0.018648483928740706,0.008295324365781051,0.04080795439882422,0.0
