,<Rg> (nm),<Ree> (nm),nu,<Delta>,<S>,Sconf/N (kB)
Value,3.0031913199665654,7.319705009460449,0.5587519237024879,0.21401548145705498,0.9031437285933273,10.475164489613757
Error,0.007550009476414242,0.03187461142151601,0.0017535541509641841,0.004829858102212392,0.03095909829127204,0.0
