,<Rg> (nm),<Ree> (nm),nu,<Delta>,<S>,Sconf/N (kB)
Value,2.6137600604172877,6.355664253234863,0.5691784093167527,0.2238577448076755,0.9521848177414235,10.26059325183431
Error,0.014904681016231072,0.06677061956207223,0.0032462699162232205,0.011728910106507123,0.06447514860568353,0.0
