,<Rg> (nm),<Ree> (nm),nu,<Delta>,<S>,Sconf/N (kB)
Value,2.027572889543039,2.1795196533203125,-0.02609120526729782,0.1254280341370835,0.373138982038281,10.168523547726448
Error,0.0019570513106087982,0.011902074938256922,0.03340446217112656,0.001542864023742279,0.007130308075999984,0.0
