,<Rg> (nm),<Ree> (nm),nu,<Delta>,<S>,Sconf/N (kB)
Value,2.582074278096907,6.198119163513184,0.5527379879095617,0.2185718884953759,0.8986628013144415,10.241902995258439
Error,0.014496152903236626,0.06340607531888981,0.0038278789045786596,0.010638814908257408,0.061810579457724835,0.0
