,<Rg> (nm),<Ree> (nm),nu,<Delta>,<S>,Sconf/N (kB)
Value,2.950347397862497,6.993489742279053,0.5455194593709756,0.21637722714623395,0.8980395219099664,10.16758852298778
Error,0.020353592946714297,0.08783396893585978,0.0018304495252208191,0.014308990338985554,0.08225595710869309,0.0
