,<Rg> (nm),<Ree> (nm),nu,<Delta>,<S>,Sconf/N (kB)
Value,3.0904590504764613,7.458986759185791,0.5694794423616563,0.20720395120273918,0.989565747048862,10.265189916730565
Error,0.024600168383636527,0.10088497983658194,0.0010312359107202916,0.013484726511858725,0.12001630432762964,0.0
