,<Rg> (nm),<Ree> (nm),nu,<Delta>,<S>,Sconf/N (kB)
Value,1.9706862614311738,2.1649670600891113,-0.03528078906121656,0.1386204283443039,0.4514243941277919,10.029323110649567
Error,0.006905827029129469,0.041432956684275525,0.032986060979855486,0.006877391295508146,0.028907391302579077,0.0
