,<Rg> (nm),<Ree> (nm),nu,<Delta>,<S>,Sconf/N (kB)
Value,3.048482644986394,7.282495498657227,0.5611832158458857,0.22879233695064,0.873713382100545,10.273270656581994
Error,0.020304491375501436,0.08900527980954455,0.0016912295158088859,0.013873355375845525,0.06902832389587475,0.0
