,<Rg> (nm),<Ree> (nm),nu,<Delta>,<S>,Sconf/N (kB)
Value,3.0220401160459343,7.262625217437744,0.5643766767991404,0.23529923833522043,0.9440253368497195,10.22156588904673
Error,0.02071885772045493,0.08603105648068127,0.0018829532775013844,0.017293420402002973,0.07933518363091739,0.0
