,<Rg> (nm),<Ree> (nm),nu,<Delta>,<S>,Sconf/N (kB)
Value,3.084454796014743,7.241781234741211,0.5195400800092835,0.20617133756518435,0.8734104953595382,10.383889645449193
Error,0.03137691482699286,0.1308879775619521,0.003144464892880603,0.015282193211681356,0.09096365112345248,0.0
