,<Rg> (nm),<Ree> (nm),nu,<Delta>,<S>,Sconf/N (kB)
Value,2.2987994199642294,4.042514801025391,0.2057443863975895,0.16907100161062516,0.6665858296841997,10.233777796211852
Error,0.0332200390527723,0.08969972874640685,0.013810099933796584,0.03208253301276013,0.21866698892249944,0.0
