,<Rg> (nm),<Ree> (nm),nu,<Delta>,<S>,Sconf/N (kB)
Value,3.358131009532792,7.870995998382568,0.51098403919367,0.2073389065517126,0.8753852605911475,10.31270985838252
Error,0.010938751712012586,0.040368529625955926,0.0013095799764446816,0.0062453954981311725,0.03937387301083859,0.0
