,<Rg> (nm),<Ree> (nm),nu,<Delta>,<S>,Sconf/N (kB)
Value,2.9722498583607035,6.757571697235107,0.48160231064801495,0.20441363938530138,0.8158042504632842,10.381828684409534
Error,0.03631221092490209,0.16091243197096666,0.004437301995103441,0.01903055511667426,0.10089099190686236,0.0
