,<Rg> (nm),<Ree> (nm),nu,<Delta>,<S>,Sconf/N (kB)
Value,2.621490996886326,5.470106601715088,0.40145830737593946,0.1758306201832785,0.7406244052546319,10.19809801192286
Error,0.036298288717527466,0.17673916555037159,0.006643659312508847,0.01757387300216577,0.1087502564058634,0.0
