,<Rg> (nm),<Ree> (nm),nu,<Delta>,<S>,Sconf/N (kB)
Value,3.776736775535247,8.987405917259178,0.5446368199896239,0.21712996805160795,0.8991130402019043,9.953529890914728
Error,0.046006011143573174,0.1835604194011269,0.0014943763320963538,0.018930079964535156,0.11621861354897735,0.0
