,<Rg> (nm),<Ree> (nm),nu,<Delta>,<S>,Sconf/N (kB)
Value,3.2689031486151348,7.921505928039551,0.5743525099558331,0.249192483691977,0.9814938388923545,10.32663578809056
Error,0.02712417908173864,0.119838353104651,0.001046235722724426,0.018757604687149404,0.09895516253698527,0.0
