,<Rg> (nm),<Ree> (nm),nu,<Delta>,<S>,Sconf/N (kB)
Value,2.608428653630244,6.235451698303223,0.5583554568340359,0.2145854621888827,0.919511860940699,10.25230681738366
Error,0.01453361858211344,0.06673908103290381,0.004233178615128337,0.011767035191362098,0.06874984830985155,0.0
