,<Rg> (nm),<Ree> (nm),nu,<Delta>,<S>,Sconf/N (kB)
Value,2.0142938013351293,1.9285972118377686,-0.04532025798529385,0.12484230755633949,0.3408592812894491,9.972050852055396
Error,0.006406747428851039,0.03792568858179213,0.03808823425952309,0.00507784947244979,0.020783698185971953,0.0
