,<Rg> (nm),<Ree> (nm),nu,<Delta>,<S>,Sconf/N (kB)
Value,1.92974361684073,2.876910924911499,-0.011137349354501148,0.11785850955252268,0.3018351475460485,10.11335488929362
Error,0.007039554223808236,0.04755987683093827,0.023859214899049123,0.005443348572347014,0.022481167975328262,0.0
