,<Rg> (nm),<Ree> (nm),nu,<Delta>,<S>,Sconf/N (kB)
Value,3.0146887400065605,7.224393844604492,0.5618401121230603,0.2299344650181451,0.9988260426307377,10.179191516802932
Error,0.021171940361041666,0.08271347746561118,0.0021919460402856903,0.016343815370565538,0.12296541877482436,0.0
