,<Rg> (nm),<Ree> (nm),nu,<Delta>,<S>,Sconf/N (kB)
Value,2.517998498427236,4.59856653213501,0.32969530928185403,0.20866562329672383,0.809490519203216,10.193520729689887
Error,0.03610269792848513,0.17952130515339892,0.009292528170995561,0.02664421103401504,0.15361406938547267,0.0
