,<Rg> (nm),<Ree> (nm),nu,<Delta>,<S>,Sconf/N (kB)
Value,2.077097933154366,2.407829523086548,0.00113249420896215,0.12511278459695505,0.4199425427730133,10.082402874873814
Error,0.00913237345852438,0.05939825319254247,0.03346796537378584,0.01348200070911875,0.13114636015510195,0.0
