,<Rg> (nm),<Ree> (nm),nu,<Delta>,<S>,Sconf/N (kB)
Value,3.2568596303094335,7.761457920074463,0.5659772539001502,0.2400772334563061,0.9780629546946265,10.367236895726496
Error,0.02498771340114516,0.10053951491590006,0.001780873234701958,0.018425680628039412,0.10145276314599148,0.0
