,<Rg> (nm),<Ree> (nm),nu,<Delta>,<S>,Sconf/N (kB)
Value,3.0130693782000417,7.250842571258545,0.5544281914279447,0.20716559935689363,0.8863922952064869,10.253366172331335
Error,0.020757504325783167,0.09053176867397127,0.001354526484991878,0.012714874522736414,0.07915939797820017,0.0
