,<Rg> (nm),<Ree> (nm),nu,<Delta>,<S>,Sconf/N (kB)
Value,3.005832089962964,7.3169474601745605,0.562349169637466,0.20923084771507433,0.875761747019693,10.21249717597991
Error,0.023740281181824516,0.09300545142453902,0.0010533393433326843,0.012005712853617194,0.07460632945338476,0.0
