,<Rg> (nm),<Ree> (nm),nu,<Delta>,<S>,Sconf/N (kB)
Value,3.2734596218369174,7.6258134841918945,0.4997326681172495,0.21230815769913797,0.8818686217691392,10.291372148906524
Error,0.009570147058714689,0.03883260558977839,0.0012632468614389902,0.006084886945583814,0.03877789885597348,0.0
