,<Rg> (nm),<Ree> (nm),nu,<Delta>,<S>,Sconf/N (kB)
Value,3.7046513217686927,8.644086944936502,0.5297398191703885,0.22813600829772288,0.8723665430408991,9.910813474158147
Error,0.039584711979627554,0.16151405354213913,0.0016192744681613397,0.022035200059314423,0.10250745096597176,0.0
