,<Rg> (nm),<Ree> (nm),nu,<Delta>,<S>,Sconf/N (kB)
Value,3.2137583916836774,7.612306118011475,0.5492047780479469,0.22861003294177054,0.9097393972726692,10.384077652696869
Error,0.026284617436536324,0.10761129198923337,0.0017740312326278175,0.015547397230325458,0.07870788418842736,0.0
