,<Rg> (nm),<Ree> (nm),nu,<Delta>,<S>,Sconf/N (kB)
Value,3.229225164974225,7.7740912437438965,0.5608195245846792,0.22612595852861436,0.9212491448709648,10.370401998613852
Error,0.02570708397960752,0.10704417587196345,0.0014794076660801694,0.015503427727207437,0.08205990977253504,0.0
