,<Rg> (nm),<Ree> (nm),nu,<Delta>,<S>,Sconf/N (kB)
Value,2.1238656558109676,3.583889961242676,0.10833395207977645,0.15707984536810446,0.8342662683654894,10.17246746800126
Error,0.02726070251667893,0.09504135330264486,0.019801572390373515,0.04273440123960553,0.6217515211456023,0.0
