,<Rg> (nm),<Ree> (nm),nu,<Delta>,<S>,Sconf/N (kB)
Value,3.225579980915815,7.674187660217285,0.5487920166467023,0.22812718870597415,0.9326250144914285,10.42082660021537
Error,0.026814861043030495,0.11067502588167806,0.0017088422809038923,0.01589622536952224,0.09104913696216535,0.0
