,<Rg> (nm),<Ree> (nm),nu,<Delta>,<S>,Sconf/N (kB)
Value,3.081884715977764,7.610884189605713,0.577934334622447,0.22473227112430336,0.9168462866252529,10.25565382482269
Error,0.01948226670659303,0.08234697802458876,0.000842707202635202,0.01294932148209531,0.07082710385500561,0.0
