,<Rg> (nm),<Ree> (nm),nu,<Delta>,<S>,Sconf/N (kB)
Value,2.6055004128726686,6.335434436798096,0.5688390448255889,0.23104640481383132,0.9796644324610845,10.256509020806856
Error,0.015994319729977453,0.07360858742250138,0.0032006012470937686,0.012966377302958723,0.07305341944609373,0.0
