,<Rg> (nm),<Ree> (nm),nu,<Delta>,<S>,Sconf/N (kB)
Value,2.9455642211747004,6.7516889572143555,0.4682871555980342,0.2067179642008602,0.8291220982763989,10.469276322048888
Error,0.034996590810377336,0.1439733163565302,0.005888776342276736,0.0212528702501786,0.12082127090212692,0.0
