,<Rg> (nm),<Ree> (nm),nu,<Delta>,<S>,Sconf/N (kB)
Value,3.21003612708657,7.728809833526611,0.5553370788975327,0.22079466875918707,0.9243510199853205,10.420351747061986
Error,0.026783848009084177,0.11695073264944404,0.0015878810209314501,0.015323821893979534,0.08806410440729243,0.0
