,<Rg> (nm),<Ree> (nm),nu,<Delta>,<S>,Sconf/N (kB)
Value,3.195319464397916,7.6832194328308105,0.5631091733477054,0.22188899859827546,0.8766449105687198,10.28694538705887
Error,0.022281002590629574,0.10347918112320192,0.0014122880394805614,0.015568160019702088,0.07966728471770483,0.0
