,<Rg> (nm),<Ree> (nm),nu,<Delta>,<S>,Sconf/N (kB)
Value,1.8422695707482974,2.969435214996338,-0.020042465096504654,0.11756699045811513,0.38599265273073446,9.947590326311417
Error,0.008960105425226055,0.06704099949877874,0.02513255207681608,0.007545468809750398,0.04132846380343591,0.0
