,<Rg> (nm),<Ree> (nm),nu,<Delta>,<S>,Sconf/N (kB)
Value,3.1519608531989105,7.361555576324463,0.5328271222164304,0.22080363004937467,0.8886113887055713,10.377135140386288
Error,0.024345401295800914,0.10532922536471176,0.0022107169863515323,0.014925039435983382,0.07977951068222068,0.0
