,<Rg> (nm),<Ree> (nm),nu,<Delta>,<S>,Sconf/N (kB)
Value,1.7773790516827541,2.403167724609375,-0.04643811618163801,0.11766763104858242,0.4362349743285169,9.866711029947714
Error,0.009527738077810563,0.04639912191185745,0.024333528437650267,0.00782010632613208,0.05067208320474087,0.0
