,<Rg> (nm),<Ree> (nm),nu,<Delta>,<S>,Sconf/N (kB)
Value,2.3995056702465636,4.303348541259766,0.24960263676251973,0.16614197715685836,0.7254568169272257,10.257342599560873
Error,0.0331114266132841,0.16376108459496214,0.012051323759168292,0.026915593260387664,0.22261129595571394,0.0
