,<Rg> (nm),<Ree> (nm),nu,<Delta>,<S>,Sconf/N (kB)
Value,2.248295341810593,3.73634672164917,0.12642792043585638,0.15130679757879048,0.5959655000392241,10.265942706525209
Error,0.021754556617847157,0.0999332329326412,0.0201349621274202,0.026248726361950754,0.22239194793803146,0.0
