,<Rg> (nm),<Ree> (nm),nu,<Delta>,<S>,Sconf/N (kB)
Value,2.4409576296544664,4.389060020446777,0.25131428655901017,0.16576708830555434,0.761266419411236,10.294874061982949
Error,0.032088658590348165,0.15081987293139906,0.012906135944966151,0.01945788635769359,0.1734792331509962,0.0
