,<Rg> (nm),<Ree> (nm),nu,<Delta>,<S>,Sconf/N (kB)
Value,2.180629221598291,3.5985872745513916,0.06109891912918077,0.14031365983339023,0.4706156914688194,10.297286924200844
Error,0.010737020988477517,0.055122313298881294,0.024216597539402123,0.009078210286734114,0.04051952069052062,0.0
