,<Rg> (nm),<Ree> (nm),nu,<Delta>,<S>,Sconf/N (kB)
Value,2.8194786212851826,6.675309658050537,0.5481445622216919,0.22136306258090963,0.9338557280560339,10.296192053759658
Error,0.006520585800504667,0.02726329829255869,0.0009264486362734365,0.0044294885992060915,0.027452245275653316,0.0
