,<Rg> (nm),<Ree> (nm),nu,<Delta>,<S>,Sconf/N (kB)
Value,3.0088258916124313,7.250611305236816,0.5545521742456074,0.20386669151693745,0.9260189297962585,10.240115254546744
Error,0.023102660908204162,0.10329649604530401,0.0012862969494636578,0.013464408546551,0.0911134488949898,0.0
