,<Rg> (nm),<Ree> (nm),nu,<Delta>,<S>,Sconf/N (kB)
Value,3.7554516843379515,8.865607261657715,0.5375985639906815,0.20924739225517788,0.8966516944894275,10.199301719175233
Error,0.01115271006273415,0.047580875827606464,0.0016472201790873901,0.005549031902977715,0.03250305171275396,0.0
