,<Rg> (nm),<Ree> (nm),nu,<Delta>,<S>,Sconf/N (kB)
Value,2.5943087088828967,6.251327037811279,0.559315907177421,0.2199255491311579,0.934427711322395,10.237857560737401
Error,0.014513423827265367,0.06796485118163416,0.0035831703171129866,0.011114634254179748,0.06943348255990088,0.0
