,<Rg> (nm),<Ree> (nm),nu,<Delta>,<S>,Sconf/N (kB)
Value,3.196782098941538,7.589176654815674,0.5478226625384106,0.22046571370464887,0.9162158719439086,10.379612340899008
Error,0.02823192655012958,0.10835479180197514,0.0017574870931924432,0.016553706764827363,0.09487316121838987,0.0
