,<Rg> (nm),<Ree> (nm),nu,<Delta>,<S>,Sconf/N (kB)
Value,1.9937234929333785,1.964478850364685,-0.05689348257919791,0.12922421921795765,0.3946455830093317,10.020589294769115
Error,0.006426867237341286,0.033945088923583285,0.03761127243038978,0.005092794448376038,0.023712136830006426,0.0
