,<Rg> (nm),<Ree> (nm),nu,<Delta>,<S>,Sconf/N (kB)
Value,2.376576208889974,4.078488826751709,0.2485938334146327,0.1721248303348696,0.7607682038319054,10.219336661068413
Error,0.02893807436115021,0.13481885079752826,0.01305457153208617,0.024808889673085817,0.1856743671916836,0.0
