,<Rg> (nm),<Ree> (nm),nu,<Delta>,<S>,Sconf/N (kB)
Value,3.202868535168193,7.694581508636475,0.5648807971083527,0.22961914062793906,0.9890227062933912,10.319243326655824
Error,0.025154598594203895,0.09889842531126486,0.00145847309405984,0.015165573672101454,0.10290030970829714,0.0
