,<Rg> (nm),<Ree> (nm),nu,<Delta>,<S>,Sconf/N (kB)
Value,2.2413389144797358,3.0097949504852295,0.12920312839447198,0.1615357906335425,0.645442283691821,10.102813631582361
Error,0.026568636293284358,0.13570089384163292,0.021493854255374766,0.03154141628108746,0.23603594730065655,0.0
