,<Rg> (nm),<Ree> (nm),nu,<Delta>,<S>,Sconf/N (kB)
Value,2.594911555811934,6.267077922821045,0.5603773611663259,0.22278168732275977,0.9334408324494736,10.50741880889436
Error,0.004682574949818685,0.02140035205526136,0.003465420928243334,0.0037212417338094695,0.021866764091104485,0.0
