"","Num","Res","VLXT","NCPR","Charge"
"1",1,"M",0.7106446372,0,"No charge"
"2",2,"L",0.9278014693,0,"No charge"
"3",3,"C",0.9622288017,-0.4,"Negativo"
"4",4,"E",0.9521616064,-0.4,"Negativo"
"5",5,"D",0.7414381,-0.4,"Negativo"
"6",6,"Q",0.7375761167,-0.4,"Negativo"
"7",7,"H",0.7092982686,-0.2,"Negativo"
"8",8,"M",0.6772555015,0,"No charge"
"9",9,"S",0.6672760759,-0.2,"Negativo"
"10",10,"V",0.6944248355,-0.2,"Negativo"
"11",11,"E",0.7246373249,-0.2,"Negativo"
"12",12,"N",0.780920395,-0.2,"Negativo"
"13",13,"T",0.8325134298,-0.2,"Negativo"
"14",14,"P",0.8595650915,0.2,"Positivo"
"15",15,"Q",0.8949117585,0.2,"Positivo"
"16",16,"K",0.9292505466,0.2,"Positivo"
"17",17,"G",0.9639652314,0.2,"Positivo"
"18",18,"S",0.9779291578,0.2,"Positivo"
"19",19,"G",0.9843508697,0,"No charge"
"20",20,"S",0.9862195505,0,"No charge"
"21",21,"L",0.984708145,0,"No charge"
"22",22,"N",0.982621731,0,"No charge"
"23",23,"S",0.9823579206,0,"No charge"
"24",24,"S",0.9820396609,0,"No charge"
"25",25,"A",0.9769608099,0,"No charge"
"26",26,"S",0.9704385004,0,"No charge"
"27",27,"S",0.9611230077,0,"No charge"
"28",28,"I",0.9351615657,0,"No charge"
"29",29,"S",0.8960096935,-0.2,"Negativo"
"30",30,"I",0.8315717245,-0.2,"Negativo"
"31",31,"D",0.7538197598,0,"No charge"
"32",32,"V",0.7132017167,0,"No charge"
"33",33,"K",0.6362728879,0,"No charge"
"34",34,"P",0.5637484877,0.2,"Positivo"
"35",35,"T",0.4937153033,0.2,"Positivo"
"36",36,"M",0.421245001,0,"No charge"
"37",37,"Q",0.3884529314,0,"No charge"
"38",38,"S",0.379458492,0,"No charge"
"39",39,"W",0.4017644675,0,"No charge"
"40",40,"A",0.4056551389,-0.2,"Negativo"
"41",41,"Q",0.4104575471,-0.2,"Negativo"
"42",42,"E",0.4490428702,0,"No charge"
"43",43,"V",0.4983593298,0,"No charge"
"44",44,"R",0.5078680348,-0.2,"Negativo"
"45",45,"A",0.5859930717,0,"No charge"
"46",46,"E",0.6449020943,0,"No charge"
"47",47,"F",0.7277688044,-0.2,"Negativo"
"48",48,"G",0.3828549614,-0.2,"Negativo"
"49",49,"H",0.9550752904,0,"No charge"
"50",50,"S",0.9737505769,0,"No charge"
