"","Num","Res","VLXT","NCPR","Charge"
"1",1,"G",0.8767986959,0,"No charge"
"2",2,"E",0.8305281254,0,"No charge"
"3",3,"R",0.7399146571,0,"No charge"
"4",4,"H",0.4012870082,0,"No charge"
"5",5,"L",0.5704538126,0.4,"Positivo"
"6",6,"L",0.5304444121,0.2,"Positivo"
"7",7,"K",0.5298785862,0.2,"Positivo"
"8",8,"N",0.54690931,0.4,"Positivo"
"9",9,"I",0.5981169059,0.6,"Positivo"
"10",10,"K",0.6271611969,0.6,"Positivo"
"11",11,"R",0.6623663912,0.8,"Positivo"
"12",12,"R",0.7049398583,0.8,"Positivo"
"13",13,"K",0.7507560961,0.6,"Positivo"
"14",14,"T",0.7834827126,0.4,"Positivo"
"15",15,"S",0.8198680002,0.2,"Positivo"
"16",16,"S",0.8218512953,0,"No charge"
"17",17,"Q",0.8145315928,0,"No charge"
"18",18,"T",0.8106603124,0,"No charge"
"19",19,"Q",0.8232004185,0,"No charge"
"20",20,"T",0.8154974109,0,"No charge"
"21",21,"Q",0.800899466,0,"No charge"
"22",22,"S",0.7838618608,-0.2,"Negativo"
"23",23,"L",0.7745207167,-0.2,"Negativo"
"24",24,"E",0.7665515212,-0.4,"Negativo"
"25",25,"G",0.7574000629,-0.4,"Negativo"
"26",26,"E",0.7553163808,-0.4,"Negativo"
"27",27,"I",0.7517682025,-0.4,"Negativo"
"28",28,"H",0.7470907752,-0.4,"Negativo"
"29",29,"E",0.7471914365,0,"No charge"
"30",30,"L",0.7469587473,0.2,"Positivo"
"31",31,"R",0.7073797899,0,"No charge"
"32",32,"R",0.6755054425,0.4,"Positivo"
"33",33,"D",0.6718152183,0.4,"Positivo"
"34",34,"R",0.6694498064,0.2,"Positivo"
"35",35,"M",0.6547525304,0,"No charge"
"36",36,"A",0.6443933925,0,"No charge"
"37",37,"L",0.6594323437,-0.2,"Negativo"
"38",38,"E",0.6854857451,-0.4,"Negativo"
"39",39,"V",0.7141722818,-0.4,"Negativo"
"40",40,"E",0.7842914393,-0.4,"Negativo"
"41",41,"L",0.8539981889,0,"No charge"
"42",42,"V",0.8819326952,0,"No charge"
"43",43,"R",0.9105050791,0.4,"Positivo"
"44",44,"L",0.9464238741,0.6,"Positivo"
"45",45,"R",0.9792660344,0.8,"Positivo"
"46",46,"R",0.9883096397,0.6,"Positivo"
"47",47,"K",0.996784971,0.4,"Positivo"
"48",48,"Q",0.9995543789,0.2,"Positivo"
"49",49,"E",0.9977274457,0,"No charge"
"50",50,"S",0.9999025369,0,"No charge"
