"","Num","Res","VLXT","NCPR","Charge"
"1",1,"S",0.7519591596,0,"No charge"
"2",2,"L",0.3689563603,0,"No charge"
"3",3,"V",0.4501743029,0,"No charge"
"4",4,"H",0.5151333284,-0.2,"Negativo"
"5",5,"M",0.3839833378,-0.2,"Negativo"
"6",6,"D",0.311537745,0,"No charge"
"7",7,"I",0.2753220556,0,"No charge"
"8",8,"K",0.2291978393,0,"No charge"
"9",9,"P",0.1916608005,0.2,"Positivo"
"10",10,"S",0.1366677385,0.2,"Positivo"
"11",11,"N",0.141171149,0,"No charge"
"12",12,"I",0.1996100261,0,"No charge"
"13",13,"F",0.2645986699,0,"No charge"
"14",14,"I",0.3469435212,0.2,"Positivo"
"15",15,"S",0.4308729002,0.2,"Positivo"
"16",16,"R",0.5213261216,0.2,"Positivo"
"17",17,"T",0.6150551492,0.2,"Positivo"
"18",18,"S",0.6660927748,0.2,"Positivo"
"19",19,"I",0.7410694437,0,"No charge"
"20",20,"P",0.7865087778,0,"No charge"
"21",21,"N",0.80073162,0,"No charge"
"22",22,"A",0.8225784549,0,"No charge"
"23",23,"A",0.8340076943,-0.2,"Negativo"
"24",24,"S",0.8399905286,-0.4,"Negativo"
"25",25,"E",0.8350894676,-0.4,"Negativo"
"26",26,"E",0.8073752246,-0.6,"Negativo"
"27",27,"G",0.7814625755,-0.8,"Negativo"
"28",28,"D",0.7507282228,-0.8,"Negativo"
"29",29,"E",0.7131048347,-0.8,"Negativo"
"30",30,"D",0.6571489286,-0.8,"Negativo"
"31",31,"D",0.5972198018,-0.6,"Negativo"
"32",32,"W",0.5082537425,-0.4,"Negativo"
"33",33,"A",0.4173248579,-0.2,"Negativo"
"34",34,"S",0.3429399894,0.2,"Positivo"
"35",35,"N",0.2882696568,0.2,"Positivo"
"36",36,"K",0.2563896755,0.2,"Positivo"
"37",37,"V",0.2297915551,0.2,"Positivo"
"38",38,"M",0.1868642147,0.4,"Positivo"
"39",39,"F",0.1598477721,0.2,"Positivo"
"40",40,"K",0.1361308787,0.2,"Positivo"
"41",41,"I",0.1404164917,0,"No charge"
"42",42,"G",0.1409657237,0,"No charge"
"43",43,"D",0.1441317195,-0.2,"Negativo"
"44",44,"L",0.1390902401,-0.2,"Negativo"
"45",45,"G",0.1308318214,-0.2,"Negativo"
"46",46,"H",0.1104055483,0,"No charge"
"47",47,"V",0.1720147444,0.2,"Positivo"
"48",48,"T",0.0917831094,0.2,"Positivo"
"49",49,"R",0.0421791665,0,"No charge"
"50",50,"I",0.0108364577,0,"No charge"
