"","Num","Res","VLXT","NCPR","Charge"
"1",1,"R",0.5632352272,0,"No charge"
"2",2,"Q",0.5784802714,0,"No charge"
"3",3,"L",0.6230863452,0.2,"Positivo"
"4",4,"A",0.6522737073,-0.2,"Negativo"
"5",5,"L",0.7207923248,-0.2,"Negativo"
"6",6,"E",0.7459246263,0,"No charge"
"7",7,"A",0.7721376787,0,"No charge"
"8",8,"K",0.7848669309,-0.2,"Negativo"
"9",9,"G",0.7717037282,0,"No charge"
"10",10,"E",0.758096488,0,"No charge"
"11",11,"T",0.7640296663,-0.2,"Negativo"
"12",12,"P",0.7665028163,-0.2,"Negativo"
"13",13,"S",0.7586619472,0,"No charge"
"14",14,"A",0.7516065456,0,"No charge"
"15",15,"V",0.7605052403,0.2,"Positivo"
"16",16,"T",0.7665017532,0.2,"Positivo"
"17",17,"R",0.7849142986,0.2,"Positivo"
"18",18,"L",0.8232088801,0.2,"Positivo"
"19",19,"S",0.8504374278,0.2,"Positivo"
"20",20,"V",0.8581128249,0,"No charge"
"21",21,"V",0.86152463,0.2,"Positivo"
"22",22,"A",0.8747799366,0.2,"Positivo"
"23",23,"K",0.8769637992,0,"No charge"
"24",24,"S",0.8775445317,0,"No charge"
"25",25,"E",0.8784307224,0,"No charge"
"26",26,"P",0.8716111415,-0.4,"Negativo"
"27",27,"Q",0.8665207061,-0.6,"Negativo"
"28",28,"D",0.8659349699,-0.4,"Negativo"
"29",29,"E",0.8651435642,-0.4,"Negativo"
"30",30,"Q",0.8241794047,-0.2,"Negativo"
"31",31,"S",0.8131756742,0,"No charge"
"32",32,"R",0.8127215903,0.2,"Positivo"
"33",33,"S",0.816214725,0.2,"Positivo"
"34",34,"Q",0.8157657444,0.2,"Positivo"
"35",35,"S",0.8193228034,0.2,"Positivo"
"36",36,"P",0.8248550969,0.4,"Positivo"
"37",37,"R",0.8330500054,0.4,"Positivo"
"38",38,"R",0.8344361018,0.4,"Positivo"
"39",39,"I",0.8531241125,0.4,"Positivo"
"40",40,"I",0.8071648687,0.2,"Positivo"
"41",41,"L",0.7727244715,0.2,"Positivo"
"42",42,"S",0.7519239854,0.2,"Positivo"
"43",43,"R",0.7527904753,0.4,"Positivo"
"44",44,"L",0.7496228948,0.4,"Positivo"
"45",45,"K",0.7222361801,0.4,"Positivo"
"46",46,"A",0.7174565185,0,"No charge"
"47",47,"G",0.8800996592,0,"No charge"
"48",48,"E",0.8454916022,-0.4,"Negativo"
"49",49,"V",0.6359524069,0,"No charge"
"50",50,"D",0.8922963247,0,"No charge"
