"","Num","Res","VLXT","NCPR","Charge"
"1",1,"G",0.8848502427,0,"No charge"
"2",2,"P",0.9591055629,0,"No charge"
"3",3,"T",0.9511021106,0,"No charge"
"4",4,"Q",0.8209041986,0,"No charge"
"5",5,"A",0.8364717481,0,"No charge"
"6",6,"A",0.8361857272,0,"No charge"
"7",7,"P",0.8205742673,0,"No charge"
"8",8,"G",0.8057521815,0.2,"Positivo"
"9",9,"V",0.7932170603,0.2,"Positivo"
"10",10,"R",0.7870502633,0,"No charge"
"11",11,"V",0.7963191684,-0.2,"Negativo"
"12",12,"E",0.789164726,-0.4,"Negativo"
"13",13,"E",0.7883649783,-0.8,"Negativo"
"14",14,"E",0.7730274356,-0.8,"Negativo"
"15",15,"E",0.7456995118,-0.6,"Negativo"
"16",16,"W",0.7209383473,-0.2,"Negativo"
"17",17,"A",0.7100640161,-0.2,"Negativo"
"18",18,"R",0.7135365429,0,"No charge"
"19",19,"E",0.6889561556,0,"No charge"
"20",20,"I",0.6327447773,0,"No charge"
"21",21,"G",0.5694377715,-0.2,"Negativo"
"22",22,"A",0.5059248765,0,"No charge"
"23",23,"Q",0.4530756313,0.2,"Positivo"
"24",24,"L",0.4180587856,0.4,"Positivo"
"25",25,"R",0.3875500285,0.4,"Positivo"
"26",26,"R",0.3641922945,0.4,"Positivo"
"27",27,"M",0.3190598289,0.2,"Positivo"
"28",28,"A",0.2934624327,-0.2,"Negativo"
"29",29,"D",0.2943669804,-0.4,"Negativo"
"30",30,"D",0.3072990317,-0.4,"Negativo"
"31",31,"L",0.3443199451,-0.4,"Negativo"
"32",32,"N",0.3499098748,-0.2,"Negativo"
"33",33,"A",0.3451003136,0,"No charge"
"34",34,"Q",0.3429270376,-0.2,"Negativo"
"35",35,"Y",0.3213922184,0,"No charge"
"36",36,"E",0.3276384011,0.2,"Positivo"
"37",37,"R",0.3752584951,0.4,"Positivo"
"38",38,"R",0.4452181438,0.4,"Positivo"
"39",39,"R",0.5180398813,0.4,"Positivo"
"40",40,"Q",0.5667140765,0,"No charge"
"41",41,"E",0.6464321991,-0.2,"Negativo"
"42",42,"E",0.72564552,-0.4,"Negativo"
"43",43,"Q",0.7998768926,-0.2,"Negativo"
"44",44,"H",0.8138018706,0,"No charge"
"45",45,"R",0.7887687552,0.4,"Positivo"
"46",46,"H",0.7543362455,0.4,"Positivo"
"47",47,"R",0.6831724932,0.4,"Positivo"
"48",48,"P",0.6718312821,0.2,"Positivo"
"49",49,"S",0.6321848261,0.2,"Positivo"
"50",50,"P",0.5490732993,0.2,"Positivo"
"51",51,"W",0.2954236902,0.2,"Positivo"
"52",52,"R",0.8333487509,0.2,"Positivo"
"53",53,"V",0.5780734259,0,"No charge"
"54",54,"M",0.2473464411,0,"No charge"
