"","Num","Res","VLXT","NCPR","Charge"
"1",1,"M",0.9960135836,0,"No charge"
"2",2,"S",0.994647949,0,"No charge"
"3",3,"S",0.988226182,0,"No charge"
"4",4,"K",0.9938409774,0,"No charge"
"5",5,"E",0.9904206788,0.2,"Positivo"
"6",6,"Q",0.9897972802,0.2,"Positivo"
"7",7,"K",0.9831685293,0,"No charge"
"8",8,"T",0.9742098095,0,"No charge"
"9",9,"P",0.9597885376,0,"No charge"
"10",10,"E",0.9498147831,-0.2,"Negativo"
"11",11,"G",0.9424838589,-0.2,"Negativo"
"12",12,"Q",0.9358853087,-0.2,"Negativo"
"13",13,"A",0.929889471,-0.2,"Negativo"
"14",14,"P",0.924720153,-0.4,"Negativo"
"15",15,"E",0.9225606594,-0.4,"Negativo"
"16",16,"E",0.9265582554,-0.4,"Negativo"
"17",17,"I",0.9335993499,-0.4,"Negativo"
"18",18,"I",0.9451985738,-0.4,"Negativo"
"19",19,"M",0.9527370053,-0.2,"Negativo"
"20",20,"D",0.9578386706,-0.2,"Negativo"
"21",21,"Q",0.9640336465,-0.4,"Negativo"
"22",22,"H",0.9681135618,-0.6,"Negativo"
"23",23,"E",0.9652682909,-0.4,"Negativo"
"24",24,"E",0.9654359764,-0.6,"Negativo"
"25",25,"I",0.9673887575,-0.6,"Negativo"
"26",26,"E",0.9667848701,-0.4,"Negativo"
"27",27,"A",0.9664615393,-0.4,"Negativo"
"28",28,"V",0.967751253,-0.4,"Negativo"
"29",29,"E",0.9688893703,-0.4,"Negativo"
"30",30,"P",0.9658467762,-0.4,"Negativo"
"31",31,"E",0.9616649486,-0.4,"Negativo"
"32",32,"A",0.9640351854,-0.2,"Negativo"
"33",33,"S",0.9607379121,-0.4,"Negativo"
"34",34,"A",0.9575290921,-0.2,"Negativo"
"35",35,"E",0.9563715455,-0.2,"Negativo"
"36",36,"Q",0.9535471659,-0.4,"Negativo"
"37",37,"V",0.9485928686,-0.4,"Negativo"
"38",38,"D",0.9343526245,0,"No charge"
"39",39,"P",0.9364837642,-0.2,"Negativo"
"40",40,"R",0.9366342427,-0.4,"Negativo"
"41",41,"D",0.9238078777,0,"No charge"
"42",42,"E",0.889173331,0,"No charge"
"43",43,"K",0.8350097699,-0.2,"Negativo"
"44",44,"V",0.7682020656,0,"No charge"
"45",45,"A",0.7010169279,0.2,"Positivo"
"46",46,"N",0.6358244813,-0.2,"Negativo"
"47",47,"L",0.4721911557,-0.2,"Negativo"
"48",48,"E",0.3538453093,-0.2,"Negativo"
"49",49,"A",0.335446911,0,"No charge"
"50",50,"Q",0.3536924434,0,"No charge"
