"","Num","Res","VLXT","NCPR","Charge"
"1",1,"R",0.6400609453,0,"No charge"
"2",2,"K",0.6748757366,0,"No charge"
"3",3,"L",0.4283055801,0.4,"Positivo"
"4",4,"L",0.4871394028,0,"No charge"
"5",5,"G",0.4539347926,-0.2,"Negativo"
"6",6,"E",0.4259492769,-0.2,"Negativo"
"7",7,"G",0.4102751089,-0.4,"Negativo"
"8",8,"I",0.4187876546,-0.4,"Negativo"
"9",9,"D",0.4202107338,-0.2,"Negativo"
"10",10,"A",0.4261495184,-0.2,"Negativo"
"11",11,"C",0.4649785327,-0.2,"Negativo"
"12",12,"S",0.5038194926,-0.2,"Negativo"
"13",13,"I",0.5498556186,-0.4,"Negativo"
"14",14,"E",0.5919391183,-0.4,"Negativo"
"15",15,"E",0.6228665002,-0.4,"Negativo"
"16",16,"L",0.6397375448,-0.4,"Negativo"
"17",17,"Q",0.643845134,-0.2,"Negativo"
"18",18,"Q",0.661084462,-0.2,"Negativo"
"19",19,"L",0.684132181,-0.2,"Negativo"
"20",20,"E",0.701860381,-0.2,"Negativo"
"21",21,"N",0.715502029,-0.2,"Negativo"
"22",22,"Q",0.7378546639,-0.4,"Negativo"
"23",23,"L",0.7578392515,0,"No charge"
"24",24,"D",0.7727999883,0,"No charge"
"25",25,"R",0.8061224139,0,"No charge"
"26",26,"S",0.8543078627,0,"No charge"
"27",27,"L",0.8899139478,0.4,"Positivo"
"28",28,"S",0.9134433571,0.2,"Positivo"
"29",29,"R",0.9186049304,0.4,"Positivo"
"30",30,"I",0.9310044602,0.4,"Positivo"
"31",31,"R",0.9467896559,0.6,"Positivo"
"32",32,"A",0.9625369028,0.6,"Positivo"
"33",33,"K",0.984485005,0.6,"Positivo"
"34",34,"K",0.985583759,0.4,"Positivo"
"35",35,"Y",0.9845157393,0.4,"Positivo"
"36",36,"Q",0.9834477195,0.2,"Positivo"
"37",37,"L",0.9831941543,0.2,"Positivo"
"38",38,"L",0.9179270003,0,"No charge"
"39",39,"R",0.8450306819,-0.2,"Negativo"
"40",40,"E",0.8081476265,-0.2,"Negativo"
"41",41,"E",0.7730788266,-0.4,"Negativo"
"42",42,"I",0.7605819167,-0.4,"Negativo"
"43",43,"E",0.7347540702,-0.2,"Negativo"
"44",44,"K",0.7094047465,0.2,"Positivo"
"45",45,"L",0.6778095437,0.2,"Positivo"
"46",46,"K",0.6520403206,0.2,"Positivo"
"47",47,"A",0.7090267597,-0.2,"Negativo"
"48",48,"E",0.7687710952,0,"No charge"
"49",49,"E",0.7971247432,-0.2,"Negativo"
"50",50,"R",0.8148653912,-0.2,"Negativo"
"51",51,"N",0.8016283063,0,"No charge"
"52",52,"L",0.7498954661,0.4,"Positivo"
"53",53,"V",0.7084491876,0,"No charge"
"54",54,"K",0.8429343346,0,"No charge"
"55",55,"E",0.7671113385,0.2,"Positivo"
"56",56,"N",0.2973920612,0,"No charge"
"57",57,"K",0.3647832363,0,"No charge"
