"","Num","Res","VLXT","NCPR","Charge"
"1",1,"M",0.98820409,0,"No charge"
"2",2,"S",0.974609258,0,"No charge"
"3",3,"E",0.9669020817,0,"No charge"
"4",4,"R",0.9502691409,0,"No charge"
"5",5,"Q",0.916076919,0,"No charge"
"6",6,"G",0.8962695714,0.2,"Positivo"
"7",7,"A",0.8812732284,0,"No charge"
"8",8,"G",0.8689440018,0,"No charge"
"9",9,"A",0.8590093052,0,"No charge"
"10",10,"T",0.8547387043,0,"No charge"
"11",11,"N",0.7792482693,0.2,"Positivo"
"12",12,"G",0.7008509054,0,"No charge"
"13",13,"K",0.6225856202,0.2,"Positivo"
"14",14,"D",0.5712799828,0.2,"Positivo"
"15",15,"K",0.526887058,0.2,"Positivo"
"16",16,"T",0.4526542184,0,"No charge"
"17",17,"S",0.3841605238,0,"No charge"
"18",18,"G",0.3102359697,-0.2,"Negativo"
"19",19,"E",0.2411828335,-0.4,"Negativo"
"20",20,"N",0.28132114,-0.4,"Negativo"
"21",21,"D",0.3287696489,-0.4,"Negativo"
"22",22,"G",0.4100986998,0,"No charge"
"23",23,"Q",0.4773094959,0.2,"Positivo"
"24",24,"K",0.5382441907,0.4,"Positivo"
"25",25,"K",0.625000263,0.4,"Positivo"
"26",26,"V",0.7042064269,0.2,"Positivo"
"27",27,"Q",0.7871619366,-0.2,"Negativo"
"28",28,"E",0.8556757736,-0.4,"Negativo"
"29",29,"E",0.8880386469,-0.6,"Negativo"
"30",30,"F",0.9180894014,-0.6,"Negativo"
"31",31,"D",0.9198291338,-0.6,"Negativo"
"32",32,"I",0.9156529492,-0.4,"Negativo"
"33",33,"D",0.9110520188,-0.6,"Negativo"
"34",34,"M",0.9083423471,-0.4,"Negativo"
"35",35,"D",0.8974662853,-0.4,"Negativo"
"36",36,"A",0.8352489076,-0.4,"Negativo"
"37",37,"P",0.7785633685,-0.4,"Negativo"
"38",38,"E",0.746533354,-0.4,"Negativo"
"39",39,"T",0.6887648882,-0.2,"Negativo"
"40",40,"E",0.6316364843,-0.2,"Negativo"
"41",41,"R",0.5921807275,0,"No charge"
"42",42,"A",0.5464067254,0,"No charge"
"43",43,"A",0.5311018495,0.2,"Positivo"
"44",44,"V",0.5137722252,0,"No charge"
"45",45,"A",0.5269239758,0,"No charge"
"46",46,"I",0.5502847053,0,"No charge"
"47",47,"Q",0.5596981727,0,"No charge"
"48",48,"S",0.5747497713,0,"No charge"
"49",49,"Q",0.6158108703,0.2,"Positivo"
"50",50,"F",0.636055637,0.4,"Positivo"
"51",51,"R",0.6604339996,0.4,"Positivo"
"52",52,"K",0.6679662685,0.4,"Positivo"
"53",53,"F",0.6606317129,0.6,"Positivo"
"54",54,"Q",0.6717998357,0.6,"Positivo"
"55",55,"K",0.7016432581,0.6,"Positivo"
"56",56,"K",0.7266923254,0.6,"Positivo"
"57",57,"K",0.7742591689,0.6,"Positivo"
"58",58,"A",0.7916313088,0.4,"Positivo"
"59",59,"G",0.8570219331,0.2,"Positivo"
"60",60,"S",0.9041217923,0,"No charge"
"61",61,"Q",0.9050698294,0,"No charge"
"62",62,"S",0.9162839768,0,"No charge"
