"","Num","Res","VLXT","NCPR","Charge"
"1",1,"A",0.2456561468,0,"No charge"
"2",2,"T",0.4211178176,0,"No charge"
"3",3,"G",0.4363716872,0,"No charge"
"4",4,"F",0.4710477,0.2,"Positivo"
"5",5,"V",0.4248051057,0.4,"Positivo"
"6",6,"K",0.4800764311,0.2,"Positivo"
"7",7,"K",0.5051757868,0.2,"Positivo"
"8",8,"D",0.5231489124,0.2,"Positivo"
"9",9,"Q",0.5361326637,0,"No charge"
"10",10,"L",0.5606498362,0,"No charge"
"11",11,"G",0.5795738324,0.2,"Positivo"
"12",12,"K",0.5991156845,0,"No charge"
"13",13,"N",0.6460106683,-0.2,"Negativo"
"14",14,"E",0.6901336547,-0.2,"Negativo"
"15",15,"E",0.7090762273,-0.4,"Negativo"
"16",16,"G",0.7408351207,-0.4,"Negativo"
"17",17,"A",0.7834296571,-0.2,"Negativo"
"18",18,"P",0.8269138927,-0.2,"Negativo"
"19",19,"Q",0.868719559,-0.2,"Negativo"
"20",20,"E",0.9141289534,-0.2,"Negativo"
"21",21,"G",0.951652024,-0.2,"Negativo"
"22",22,"I",0.9620924025,-0.4,"Negativo"
"23",23,"L",0.968466714,-0.4,"Negativo"
"24",24,"E",0.9762122993,-0.4,"Negativo"
"25",25,"D",0.9812558096,-0.4,"Negativo"
"26",26,"M",0.9823822631,-0.4,"Negativo"
"27",27,"P",0.9837555014,-0.4,"Negativo"
"28",28,"V",0.983271524,-0.2,"Negativo"
"29",29,"D",0.9781127801,-0.4,"Negativo"
"30",30,"P",0.9783091981,-0.4,"Negativo"
"31",31,"D",0.9794657078,-0.6,"Negativo"
"32",32,"N",0.9174040989,-0.4,"Negativo"
"33",33,"E",0.897594922,-0.4,"Negativo"
"34",34,"A",0.8762438651,-0.4,"Negativo"
"35",35,"Y",0.8535761631,-0.4,"Negativo"
"36",36,"E",0.8276113403,-0.2,"Negativo"
"37",37,"M",0.8181788912,-0.2,"Negativo"
"38",38,"P",0.8134113985,-0.4,"Negativo"
"39",39,"S",0.8154087682,-0.4,"Negativo"
"40",40,"E",0.8170414351,-0.4,"Negativo"
"41",41,"E",0.8817333327,-0.4,"Negativo"
"42",42,"G",0.9013989387,-0.4,"Negativo"
"43",43,"Y",0.9176647032,-0.4,"Negativo"
"44",44,"Q",0.9327295376,-0.2,"Negativo"
"45",45,"D",0.9582752152,-0.4,"Negativo"
"46",46,"Y",0.9685168201,-0.4,"Negativo"
"47",47,"E",0.9324660196,-0.6,"Negativo"
"48",48,"P",0.9231929192,-0.4,"Negativo"
"49",49,"E",0.9878464198,0,"No charge"
"50",50,"A",0.9989011292,0,"No charge"
