"","Num","Res","VLXT","NCPR","Charge"
"1",1,"A",0.8810754912,0,"No charge"
"2",2,"M",0.8382521551,0,"No charge"
"3",3,"Q",0.8469995521,-0.2,"Negativo"
"4",4,"E",0.6045097579,-0.2,"Negativo"
"5",5,"C",0.6921977387,-0.2,"Negativo"
"6",6,"M",0.6437539186,0,"No charge"
"7",7,"Q",0.6041942325,0.2,"Positivo"
"8",8,"K",0.567393812,0.2,"Positivo"
"9",9,"Y",0.5738210617,0,"No charge"
"10",10,"P",0.5655248067,0,"No charge"
"11",11,"D",0.5474527808,-0.2,"Negativo"
"12",12,"L",0.5287564455,-0.2,"Negativo"
"13",13,"Y",0.5107520267,-0.2,"Negativo"
"14",14,"P",0.4963303574,-0.2,"Negativo"
"15",15,"Q",0.5163480326,-0.4,"Negativo"
"16",16,"E",0.5725001971,-0.6,"Negativo"
"17",17,"D",0.6237461499,-0.8,"Negativo"
"18",18,"E",0.6521904272,-1,"Negativo"
"19",19,"D",0.6888007771,-1,"Negativo"
"20",20,"E",0.7340515794,-1,"Negativo"
"21",21,"E",0.789186818,-1,"Negativo"
"22",22,"E",0.8708735568,-0.6,"Negativo"
"23",23,"E",0.942171712,-0.6,"Negativo"
"24",24,"R",0.9820553374,-0.2,"Negativo"
"25",25,"E",0.9816784877,0.2,"Positivo"
"26",26,"K",0.9787633116,0.4,"Positivo"
"27",27,"K",0.9788811468,0.2,"Positivo"
"28",28,"P",0.9692451471,0.2,"Positivo"
"29",29,"A",0.9547459831,0,"No charge"
"30",30,"E",0.9345687763,-0.2,"Negativo"
"31",31,"Q",0.8991083124,-0.4,"Negativo"
"32",32,"A",0.8637419081,-0.6,"Negativo"
"33",33,"E",0.8541564792,-0.4,"Negativo"
"34",34,"E",0.844938452,-0.4,"Negativo"
"35",35,"T",0.8305813075,-0.4,"Negativo"
"36",36,"A",0.8201582393,-0.2,"Negativo"
"37",37,"P",0.820620623,-0.2,"Negativo"
"38",38,"I",0.8315897848,-0.2,"Negativo"
"39",39,"E",0.847842429,-0.2,"Negativo"
"40",40,"A",0.8831817969,-0.2,"Negativo"
"41",41,"T",0.9181744409,-0.2,"Negativo"
"42",42,"A",0.9292466816,0.2,"Positivo"
"43",43,"T",0.9401398914,0,"No charge"
"44",44,"K",0.959945899,-0.2,"Negativo"
"45",45,"E",0.979318808,-0.4,"Negativo"
"46",46,"E",0.9910118386,-0.4,"Negativo"
"47",47,"E",0.9992694576,-0.6,"Negativo"
"48",48,"G",0.9998125262,-0.4,"Negativo"
"49",49,"S",0.999962584,0,"No charge"
"50",50,"S",0.9999940049,0,"No charge"
