"","Num","Res","VLXT","NCPR","Charge"
"1",1,"L",0.7151584551,0,"No charge"
"2",2,"N",0.8240840793,0,"No charge"
"3",3,"E",0.7756093721,-0.2,"Negativo"
"4",4,"P",0.7685792814,-0.2,"Negativo"
"5",5,"V",0.8014329763,-0.4,"Negativo"
"6",6,"Q",0.8006726316,-0.2,"Negativo"
"7",7,"E",0.8135200797,-0.2,"Negativo"
"8",8,"A",0.8321465408,-0.2,"Negativo"
"9",9,"G",0.8488906281,-0.2,"Negativo"
"10",10,"G",0.8683911073,0,"No charge"
"11",11,"Q",0.8912906671,0,"No charge"
"12",12,"G",0.9033106198,0,"No charge"
"13",13,"G",0.915715949,0,"No charge"
"14",14,"G",0.9351229546,0,"No charge"
"15",15,"G",0.9671152689,0,"No charge"
"16",16,"G",0.9733423326,0,"No charge"
"17",17,"G",0.9790599502,0,"No charge"
"18",18,"G",0.9874515581,0,"No charge"
"19",19,"S",0.99244773,0,"No charge"
"20",20,"G",0.992656171,0,"No charge"
"21",21,"G",0.9899354139,0,"No charge"
"22",22,"I",0.9858290225,-0.2,"Negativo"
"23",23,"A",0.9840433399,-0.2,"Negativo"
"24",24,"E",0.9823030008,-0.2,"Negativo"
"25",25,"A",0.9747499874,-0.2,"Negativo"
"26",26,"G",0.9363589361,-0.2,"Negativo"
"27",27,"S",0.9030937767,0,"No charge"
"28",28,"G",0.8692933614,0,"No charge"
"29",29,"H",0.8356374791,0,"No charge"
"30",30,"M",0.8040967959,0,"No charge"
"31",31,"N",0.7858365992,0,"No charge"
"32",32,"Y",0.7619215109,0,"No charge"
"33",33,"I",0.7062057165,0,"No charge"
"34",34,"Q",0.6595104693,0,"No charge"
"35",35,"V",0.6552666826,0,"No charge"
"36",36,"T",0.656737242,0,"No charge"
"37",37,"P",0.6765132737,-0.2,"Negativo"
"38",38,"Q",0.7054217697,0,"No charge"
"39",39,"E",0.7238511804,-0.2,"Negativo"
"40",40,"K",0.7166859105,-0.2,"Negativo"
"41",41,"E",0.7012997546,-0.2,"Negativo"
"42",42,"A",0.7159935316,-0.2,"Negativo"
"43",43,"I",0.7161610891,-0.2,"Negativo"
"44",44,"E",0.7070904178,0,"No charge"
"45",45,"R",0.7054118532,0.2,"Positivo"
"46",46,"L",0.6799176334,0.2,"Positivo"
"47",47,"K",0.5090283591,0.4,"Positivo"
"48",48,"A",0.5293564954,0.2,"Positivo"
"49",49,"L",0.6935420573,0,"No charge"
"50",50,"G",0.6300367522,0,"No charge"
