"","Num","Res","VLXT","NCPR","Charge"
"1",1,"D",0.9245670484,0,"No charge"
"2",2,"R",0.6568934786,0,"No charge"
"3",3,"M",0.7319300416,0.4,"Positivo"
"4",4,"K",0.8164638885,0.6,"Positivo"
"5",5,"K",0.7779751038,0.4,"Positivo"
"6",6,"L",0.7222457143,0.2,"Positivo"
"7",7,"I",0.7304140708,-0.2,"Negativo"
"8",8,"E",0.7383885442,-0.4,"Negativo"
"9",9,"D",0.7032692783,-0.6,"Negativo"
"10",10,"P",0.677513622,-0.4,"Negativo"
"11",11,"D",0.604942166,-0.2,"Negativo"
"12",12,"K",0.547704818,0,"No charge"
"13",13,"F",0.5049909301,0,"No charge"
"14",14,"Y",0.505503445,0.2,"Positivo"
"15",15,"T",0.4623343271,0.2,"Positivo"
"16",16,"P",0.3824060093,0.2,"Positivo"
"17",17,"K",0.2951982608,0.4,"Positivo"
"18",18,"T",0.2416916019,0.4,"Positivo"
"19",19,"R",0.1717903039,0.4,"Positivo"
"20",20,"P",0.1559858707,0.2,"Positivo"
"21",21,"S",0.1582551977,0.2,"Positivo"
"22",22,"G",0.1697754158,-0.2,"Negativo"
"23",23,"H",0.1402080339,-0.2,"Negativo"
"24",24,"D",0.1640869842,-0.2,"Negativo"
"25",25,"I",0.2101594101,0,"No charge"
"26",26,"G",0.2429699272,0,"No charge"
"27",27,"K",0.2512857722,0.2,"Positivo"
"28",28,"S",0.2549563064,0.2,"Positivo"
"29",29,"F",0.2461042574,0.4,"Positivo"
"30",30,"S",0.2089787157,0,"No charge"
"31",31,"K",0.1674248906,0,"No charge"
"32",32,"D",0.1584309188,0,"No charge"
"33",33,"N",0.150436168,0,"No charge"
"34",34,"G",0.1581435352,-0.2,"Negativo"
"35",35,"G",0.1782487291,0,"No charge"
"36",36,"S",0.2748614958,0,"No charge"
"37",37,"I",0.3759761568,0,"No charge"
"38",38,"P",0.4821522003,0,"No charge"
"39",39,"P",0.5882508784,0,"No charge"
"40",40,"N",0.6884838196,0,"No charge"
"41",41,"L",0.7611656867,0,"No charge"
"42",42,"L",0.8285586706,0,"No charge"
"43",43,"Q",0.8516850518,0,"No charge"
"44",44,"I",0.8704657442,0,"No charge"
"45",45,"S",0.8486203164,0,"No charge"
"46",46,"N",0.8375313329,-0.2,"Negativo"
"47",47,"S",0.8214553457,-0.2,"Negativo"
"48",48,"E",0.7586499239,-0.2,"Negativo"
"49",49,"S",0.6788788241,-0.2,"Negativo"
"50",50,"N",0.6107949909,-0.2,"Negativo"
"51",51,"G",0.5397498967,0,"No charge"
"52",52,"Q",0.4766496495,0,"No charge"
"53",53,"Y",0.4158567028,0,"No charge"
"54",54,"L",0.3472301058,0,"No charge"
"55",55,"A",0.1445692855,0,"No charge"
"56",56,"N",0.1353071706,0.2,"Positivo"
"57",57,"C",0.1169616749,0,"No charge"
"58",58,"K",0.1489398477,0,"No charge"
