"","Num","Res","VLXT","NCPR","Charge"
"1",1,"K",0.8765604486,0,"No charge"
"2",2,"G",0.9002606869,0,"No charge"
"3",3,"T",0.9593196673,0.2,"Positivo"
"4",4,"S",0.9511258682,0.2,"Positivo"
"5",5,"T",0.8435253837,0.4,"Positivo"
"6",6,"R",0.8049681033,0.4,"Positivo"
"7",7,"K",0.7874734299,0.6,"Positivo"
"8",8,"P",0.7628153221,0.6,"Positivo"
"9",9,"R",0.7347809909,0.4,"Positivo"
"10",10,"I",0.7118627023,0.2,"Positivo"
"11",11,"N",0.7108861784,0.2,"Positivo"
"12",12,"S",0.7248033197,0,"No charge"
"13",13,"Q",0.7443652025,0,"No charge"
"14",14,"L",0.7763076621,0,"No charge"
"15",15,"V",0.8280533959,0,"No charge"
"16",16,"A",0.855483936,0,"No charge"
"17",17,"Q",0.8829353692,0,"No charge"
"18",18,"Q",0.9097299686,0,"No charge"
"19",19,"V",0.8956112924,0,"No charge"
"20",20,"A",0.8241829318,0,"No charge"
"21",21,"Q",0.7239071332,0,"No charge"
"22",22,"Q",0.6178974669,0,"No charge"
"23",23,"Y",0.5095226091,0,"No charge"
"24",24,"A",0.4008478914,0,"No charge"
"25",25,"T",0.3017565904,0,"No charge"
"26",26,"P",0.2052722059,0,"No charge"
"27",27,"P",0.1629614962,0,"No charge"
"28",28,"P",0.2108041564,0.2,"Positivo"
"29",29,"P",0.301584635,0.4,"Positivo"
"30",30,"K",0.4088751125,0.2,"Positivo"
"31",31,"K",0.5157562548,0.4,"Positivo"
"32",32,"E",0.6242174593,0.6,"Positivo"
"33",33,"K",0.7314462864,0.2,"Positivo"
"34",34,"K",0.8298212663,0.2,"Positivo"
"35",35,"E",0.9261207079,0.4,"Positivo"
"36",36,"K",0.9744835378,0,"No charge"
"37",37,"V",0.984771677,0,"No charge"
"38",38,"E",0.9876658931,0.2,"Positivo"
"39",39,"K",0.9894407946,-0.2,"Negativo"
"40",40,"Q",0.9904423291,0,"No charge"
"41",41,"D",0.9907440635,0,"No charge"
"42",42,"K",0.9926728299,0,"No charge"
"43",43,"E",0.9944444328,0,"No charge"
"44",44,"K",0.9963173982,0,"No charge"
"45",45,"P",0.996844913,0,"No charge"
"46",46,"E",0.9979383315,0,"No charge"
"47",47,"K",0.9991810237,0,"No charge"
"48",48,"D",0.9996517988,-0.2,"Negativo"
"49",49,"K",0.9991849961,0,"No charge"
"50",50,"E",0.9997040091,0,"No charge"
