"","Num","Res","VLXT","NCPR","Charge"
"1",1,"D",0.9844365785,0,"No charge"
"2",2,"S",0.9722841302,0,"No charge"
"3",3,"D",0.9603361621,-0.4,"Negativo"
"4",4,"A",0.9497026971,-0.2,"Negativo"
"5",5,"S",0.9630957377,-0.2,"Negativo"
"6",6,"G",0.9574632082,0,"No charge"
"7",7,"G",0.9555144962,0,"No charge"
"8",8,"G",0.9515531243,-0.2,"Negativo"
"9",9,"G",0.9517914592,-0.2,"Negativo"
"10",10,"D",0.9452149643,-0.4,"Negativo"
"11",11,"S",0.9315921714,-0.4,"Negativo"
"12",12,"D",0.9308934061,-0.4,"Negativo"
"13",13,"G",0.9254581186,0,"No charge"
"14",14,"A",0.9173450324,0.2,"Positivo"
"15",15,"K",0.9217274698,0.6,"Positivo"
"16",16,"K",0.917956653,0.8,"Positivo"
"17",17,"K",0.9032284868,0.6,"Positivo"
"18",18,"K",0.8844908748,0.6,"Positivo"
"19",19,"E",0.868189293,0.6,"Positivo"
"20",20,"K",0.8602913693,0.4,"Positivo"
"21",21,"K",0.838786027,0,"No charge"
"22",22,"S",0.8293674144,0.4,"Positivo"
"23",23,"E",0.8404576278,0.4,"Positivo"
"24",24,"K",0.8418122576,0,"No charge"
"25",25,"K",0.8489865962,0.2,"Positivo"
"26",26,"E",0.8520691542,0.6,"Positivo"
"27",27,"K",0.8641407674,0.2,"Positivo"
"28",28,"K",0.8856385169,0.2,"Positivo"
"29",29,"E",0.8984651406,0.6,"Positivo"
"30",30,"K",0.8991050044,0.4,"Positivo"
"31",31,"K",0.8931212372,0.4,"Positivo"
"32",32,"H",0.8736136247,0.4,"Positivo"
"33",33,"K",0.8616595519,0.4,"Positivo"
"34",34,"E",0.8510913116,0,"No charge"
"35",35,"K",0.8604306764,0.2,"Positivo"
"36",36,"E",0.8593329328,0,"No charge"
"37",37,"R",0.8629055946,0.4,"Positivo"
"38",38,"T",0.8740404674,0.4,"Positivo"
"39",39,"K",0.8967075416,0.6,"Positivo"
"40",40,"K",0.9206879047,0.4,"Positivo"
"41",41,"P",0.9446682677,0.6,"Positivo"
"42",42,"S",0.9574576645,0.6,"Positivo"
"43",43,"K",0.96742892,0.6,"Positivo"
"44",44,"K",0.9752186215,0.8,"Positivo"
"45",45,"K",0.9857851582,0.6,"Positivo"
"46",46,"K",0.9847294729,0.4,"Positivo"
"47",47,"D",0.9800045553,0.2,"Positivo"
"48",48,"S",0.9740349379,0.2,"Positivo"
"49",49,"G",0.9770728594,0,"No charge"
"50",50,"K",0.9827727018,0,"No charge"
