"","Num","Res","VLXT","NCPR","Charge"
"1",1,"V",0.9119457354,0,"No charge"
"2",2,"E",0.886052991,0,"No charge"
"3",3,"E",0.8421473153,0,"No charge"
"4",4,"K",0.8039173656,0,"No charge"
"5",5,"K",0.8750977919,0.4,"Positivo"
"6",6,"T",0.8715539458,0.6,"Positivo"
"7",7,"R",0.8790724234,0.4,"Positivo"
"8",8,"A",0.8899614365,0.4,"Positivo"
"9",9,"A",0.9051036395,0.2,"Positivo"
"10",10,"R",0.9181569394,0,"No charge"
"11",11,"E",0.9337338608,-0.2,"Negativo"
"12",12,"G",0.9379328935,0,"No charge"
"13",13,"D",0.9456356086,0,"No charge"
"14",14,"R",0.9525751545,0,"No charge"
"15",15,"R",0.9605004469,0,"No charge"
"16",16,"D",0.9602537804,0.4,"Positivo"
"17",17,"N",0.9243283374,0.2,"Positivo"
"18",18,"R",0.9238735981,0.2,"Positivo"
"19",19,"L",0.9260872828,0.4,"Positivo"
"20",20,"R",0.9260172373,0.4,"Positivo"
"21",21,"G",0.9245465218,0.2,"Positivo"
"22",22,"P",0.9229591314,0.2,"Positivo"
"23",23,"G",0.9281058125,0,"No charge"
"24",24,"G",0.933446116,0.2,"Positivo"
"25",25,"P",0.9386758002,0.2,"Positivo"
"26",26,"R",0.9811604994,0.2,"Positivo"
"27",27,"G",0.9881649193,0.2,"Positivo"
"28",28,"G",0.9954078191,0.2,"Positivo"
"29",29,"L",0.9953603632,0,"No charge"
"30",30,"G",0.9968050155,0,"No charge"
"31",31,"G",0.998524821,0,"No charge"
"32",32,"G",0.9983932157,0.2,"Positivo"
"33",33,"M",0.957172362,0.2,"Positivo"
"34",34,"R",0.9160487344,0.2,"Positivo"
"35",35,"G",0.8529335578,0.2,"Positivo"
"36",36,"P",0.8208236792,0.4,"Positivo"
"37",37,"P",0.7837028121,0.2,"Positivo"
"38",38,"R",0.7467008976,0.2,"Positivo"
"39",39,"G",0.6811709266,0.2,"Positivo"
"40",40,"G",0.6119329209,0.2,"Positivo"
"41",41,"M",0.5565767348,0,"No charge"
"42",42,"V",0.5448504744,0.2,"Positivo"
"43",43,"Q",0.535970197,0.2,"Positivo"
"44",44,"K",0.5623292268,0.2,"Positivo"
"45",45,"P",0.5531056201,0.2,"Positivo"
"46",46,"G",0.5602301467,0.2,"Positivo"
"47",47,"F",0.5741362557,0,"No charge"
"48",48,"G",0.6222353384,0,"No charge"
"49",49,"V",0.6862512829,0.2,"Positivo"
"50",50,"G",0.7387472647,0.2,"Positivo"
"51",51,"R",0.7904724476,0.2,"Positivo"
"52",52,"G",0.8399891124,0.2,"Positivo"
"53",53,"L",0.8709113273,0.2,"Positivo"
"54",54,"A",0.9714165929,0.2,"Positivo"
"55",55,"P",0.9884441032,0.2,"Positivo"
"56",56,"R",0.9941812874,0,"No charge"
"57",57,"Q",0.946676352,0,"No charge"
