"","Num","Res","VLXT","NCPR","Charge"
"1",1,"P",0.3318916971,0,"No charge"
"2",2,"V",0.4645663086,0,"No charge"
"3",3,"L",0.3752976484,-0.2,"Negativo"
"4",4,"L",0.4241436369,-0.2,"Negativo"
"5",5,"E",0.4841915627,-0.4,"Negativo"
"6",6,"V",0.5259575935,-0.4,"Negativo"
"7",7,"E",0.5386880347,-0.6,"Negativo"
"8",8,"V",0.5648769116,-0.2,"Negativo"
"9",9,"D",0.5893912648,0,"No charge"
"10",10,"K",0.6013162891,0.2,"Positivo"
"11",11,"K",0.6189773144,0.2,"Positivo"
"12",12,"V",0.6538607782,0.4,"Positivo"
"13",13,"P",0.6619181375,0.2,"Positivo"
"14",14,"V",0.6018559219,0,"No charge"
"15",15,"L",0.5463684907,0,"No charge"
"16",16,"P",0.4834697171,0,"No charge"
"17",17,"M",0.4362810577,0,"No charge"
"18",18,"V",0.4006633678,0,"No charge"
"19",19,"A",0.4142380952,0,"No charge"
"20",20,"G",0.4019575173,0,"No charge"
"21",21,"G",0.4148469392,0,"No charge"
"22",22,"S",0.4272588014,0,"No charge"
"23",23,"G",0.4861734561,-0.2,"Negativo"
"24",24,"L",0.5409165251,-0.4,"Negativo"
"25",25,"D",0.6206691557,-0.4,"Negativo"
"26",26,"E",0.6967598565,-0.4,"Negativo"
"27",27,"F",0.7536176027,-0.4,"Negativo"
"28",28,"I",0.746137938,-0.2,"Negativo"
"29",29,"N",0.7415218806,-0.2,"Negativo"
"30",30,"F",0.7218816302,-0.2,"Negativo"
"31",31,"D",0.6937571389,-0.4,"Negativo"
"32",32,"P",0.6793727693,-0.4,"Negativo"
"33",33,"E",0.6734548253,-0.6,"Negativo"
"34",34,"V",0.6649201536,-0.2,"Negativo"
"35",35,"E",0.6450978927,-0.2,"Negativo"
"36",36,"R",0.6511926109,0,"No charge"
"37",37,"Q",0.6562665067,0,"No charge"
"38",38,"Q",0.650133631,0,"No charge"
"39",39,"T",0.6495511235,-0.2,"Negativo"
"40",40,"E",0.6742877351,0,"No charge"
"41",41,"L",0.7002197307,0,"No charge"
"42",42,"R",0.6854773534,0.2,"Positivo"
"43",43,"H",0.697950158,0.6,"Positivo"
"44",44,"K",0.7119673327,0.6,"Positivo"
"45",45,"R",0.6935226948,0.4,"Positivo"
"46",46,"T",0.7034554569,0.4,"Positivo"
"47",47,"G",0.7662681894,0.4,"Positivo"
"48",48,"G",0.8188701363,0.2,"Positivo"
"49",49,"K",0.7247840458,0,"No charge"
"50",50,"H",0.8056097201,0,"No charge"
