"","Num","Res","VLXT","NCPR","Charge"
"1",1,"R",0.9647278632,0,"No charge"
"2",2,"R",0.9546469226,0,"No charge"
"3",3,"N",0.9298996217,0.4,"Positivo"
"4",4,"E",0.9234372359,0,"No charge"
"5",5,"R",0.7659960309,0,"No charge"
"6",6,"E",0.6907921424,0,"No charge"
"7",7,"R",0.6554763853,0.4,"Positivo"
"8",8,"N",0.587126206,0.2,"Positivo"
"9",9,"R",0.5108075972,0.6,"Positivo"
"10",10,"V",0.4616653186,0.4,"Positivo"
"11",11,"K",0.4112477195,0.4,"Positivo"
"12",12,"L",0.3677894844,0.2,"Positivo"
"13",13,"V",0.3202929514,0.2,"Positivo"
"14",14,"N",0.2692934777,0,"No charge"
"15",15,"L",0.2393357572,0,"No charge"
"16",16,"G",0.170277205,0,"No charge"
"17",17,"F",0.1372225573,0,"No charge"
"18",18,"A",0.1128543821,0,"No charge"
"19",19,"T",0.0864302917,0.2,"Positivo"
"20",20,"L",0.0521330292,0,"No charge"
"21",21,"R",0.0268743388,0,"No charge"
"22",22,"E",0.0269131334,0,"No charge"
"23",23,"H",0.0366438024,0,"No charge"
"24",24,"V",0.0601649515,-0.2,"Negativo"
"25",25,"P",0.0773917891,0,"No charge"
"26",26,"N",0.1605435037,0,"No charge"
"27",27,"G",0.2530026844,0,"No charge"
"28",28,"A",0.2814852906,0,"No charge"
"29",29,"A",0.3176198969,0.2,"Positivo"
"30",30,"N",0.3486196274,0.4,"Positivo"
"31",31,"K",0.3677084055,0.4,"Positivo"
"32",32,"K",0.3653300533,0.4,"Positivo"
"33",33,"M",0.4249042906,0.6,"Positivo"
"34",34,"S",0.4892643105,0.4,"Positivo"
"35",35,"K",0.4787792139,0,"No charge"
"36",36,"V",0.4603644113,0,"No charge"
"37",37,"E",0.5069180933,0,"No charge"
"38",38,"T",0.5343856482,0,"No charge"
"39",39,"L",0.5643699279,0,"No charge"
"40",40,"R",0.6072616123,0.2,"Positivo"
"41",41,"S",0.668234017,0.2,"Positivo"
"42",42,"A",0.6382795187,0,"No charge"
"43",43,"V",0.6041019003,-0.2,"Negativo"
"44",44,"E",0.5638707682,-0.2,"Negativo"
"45",45,"Y",0.5295895345,0,"No charge"
"46",46,"I",0.4935291337,0,"No charge"
"47",47,"R",0.45883688,0.2,"Positivo"
"48",48,"A",0.4463684108,0.2,"Positivo"
"49",49,"L",0.4274967063,0.2,"Positivo"
"50",50,"Q",0.4023387643,0,"No charge"
"51",51,"Q",0.4201204194,0,"No charge"
"52",52,"L",0.465427752,-0.2,"Negativo"
"53",53,"L",0.5385998766,-0.4,"Negativo"
"54",54,"D",0.6079533382,-0.4,"Negativo"
"55",55,"E",0.6565762707,-0.6,"Negativo"
"56",56,"H",0.8497272837,-0.6,"Negativo"
"57",57,"D",0.9677246742,0,"No charge"
"58",58,"A",0.9993056334,0,"No charge"
