"","Num","Res","VLXT","NCPR","Charge"
"1",1,"L",0.4745423329,0,"No charge"
"2",2,"C",0.5164940831,0,"No charge"
"3",3,"G",0.554270539,0.2,"Positivo"
"4",4,"R",0.5619544033,0.2,"Positivo"
"5",5,"P",0.6460582166,0.4,"Positivo"
"6",6,"G",0.7019509073,0.4,"Positivo"
"7",7,"R",0.7483898787,0.2,"Positivo"
"8",8,"G",0.7923244909,0.2,"Positivo"
"9",9,"Q",0.8377029018,0.2,"Positivo"
"10",10,"T",0.8840666451,0,"No charge"
"11",11,"Q",0.9308506432,-0.2,"Negativo"
"12",12,"Q",0.9677985177,-0.4,"Negativo"
"13",13,"E",0.9750986485,-0.6,"Negativo"
"14",14,"E",0.9794600641,-0.8,"Negativo"
"15",15,"E",0.9819091479,-1,"Negativo"
"16",16,"E",0.9891408764,-1,"Negativo"
"17",17,"E",0.9946725618,-1,"Negativo"
"18",18,"D",0.9978660539,-1,"Negativo"
"19",19,"E",0.9990804659,-0.8,"Negativo"
"20",20,"D",0.9990289575,-0.6,"Negativo"
"21",21,"H",0.9991991075,-0.4,"Negativo"
"22",22,"G",0.9991524906,-0.4,"Negativo"
"23",23,"P",0.9990608085,-0.4,"Negativo"
"24",24,"D",0.9989659162,-0.4,"Negativo"
"25",25,"D",0.9989331207,-0.6,"Negativo"
"26",26,"Y",0.9989154776,-0.8,"Negativo"
"27",27,"D",0.9989779499,-0.8,"Negativo"
"28",28,"E",0.9990785165,-0.8,"Negativo"
"29",29,"E",0.9991909627,-1,"Negativo"
"30",30,"D",0.9992924711,-1,"Negativo"
"31",31,"E",0.9993568018,-1,"Negativo"
"32",32,"D",0.9986315834,-0.8,"Negativo"
"33",33,"E",0.9984330122,-0.8,"Negativo"
"34",34,"V",0.9956795592,-0.8,"Negativo"
"35",35,"E",0.9895897232,-0.8,"Negativo"
"36",36,"E",0.9829515422,-0.8,"Negativo"
"37",37,"E",0.9827575087,-0.8,"Negativo"
"38",38,"E",0.9822534089,-0.6,"Negativo"
"39",39,"T",0.9820275339,-0.2,"Negativo"
"40",40,"N",0.9784316564,0,"No charge"
"41",41,"R",0.9766004655,0.2,"Positivo"
"42",42,"L",0.9754930359,0.2,"Positivo"
"43",43,"P",0.9711386612,0.2,"Positivo"
"44",44,"G",0.9753794439,0.2,"Positivo"
"45",45,"G",0.9781034874,0.2,"Positivo"
"46",46,"R",0.9763890943,0.4,"Positivo"
"47",47,"S",0.9352647724,0.4,"Positivo"
"48",48,"R",0.9826669491,0.4,"Positivo"
"49",49,"V",0.9644365431,0,"No charge"
"50",50,"L",0.9825020098,0,"No charge"
