"","Num","Res","VLXT","NCPR","Charge"
"1",1,"T",0.9680654072,0,"No charge"
"2",2,"A",0.9585246237,0,"No charge"
"3",3,"G",0.9391862018,0,"No charge"
"4",4,"E",0.9686565765,-0.2,"Negativo"
"5",5,"K",0.96658568,-0.4,"Negativo"
"6",6,"E",0.968820086,-0.4,"Negativo"
"7",7,"D",0.9725331707,-0.2,"Negativo"
"8",8,"A",0.9786103297,-0.2,"Negativo"
"9",9,"P",0.9813678632,0.2,"Positivo"
"10",10,"R",0.9848502334,0.2,"Positivo"
"11",11,"R",0.9897624658,0.4,"Positivo"
"12",12,"E",0.9920533797,0.6,"Positivo"
"13",13,"R",0.9939786875,0.4,"Positivo"
"14",14,"K",0.9955786527,0.4,"Positivo"
"15",15,"P",0.9968882961,0.6,"Positivo"
"16",16,"R",0.9977793479,0.4,"Positivo"
"17",17,"P",0.998455039,0.2,"Positivo"
"18",18,"T",0.9991778016,0.2,"Positivo"
"19",19,"T",0.9999147207,0.2,"Positivo"
"20",20,"P",0.9999165027,0.4,"Positivo"
"21",21,"R",0.9999391507,0.6,"Positivo"
"22",22,"R",0.9999608649,0.4,"Positivo"
"23",23,"K",0.9999308012,0.4,"Positivo"
"24",24,"E",0.9999326599,0.2,"Positivo"
"25",25,"G",0.9999345205,-0.2,"Negativo"
"26",26,"A",0.9999364583,-0.2,"Negativo"
"27",27,"E",0.9999377611,0.2,"Positivo"
"28",28,"R",0.9999387796,0.2,"Positivo"
"29",29,"K",0.9998718471,0.4,"Positivo"
"30",30,"P",0.999806017,0.6,"Positivo"
"31",31,"R",0.9996350257,0.4,"Positivo"
"32",32,"A",0.999559404,0.4,"Positivo"
"33",33,"Q",0.9963882088,0.4,"Positivo"
"34",34,"K",0.9916290794,0.2,"Positivo"
"35",35,"P",0.988163619,0,"No charge"
"36",36,"V",0.9828586947,0.2,"Positivo"
"37",37,"E",0.9730043869,0,"No charge"
"38",38,"K",0.9709289849,0,"No charge"
"39",39,"A",0.9688535828,0.2,"Positivo"
"40",40,"P",0.9672716906,0.4,"Positivo"
"41",41,"K",0.965847863,0.2,"Positivo"
"42",42,"T",0.9641250377,0.4,"Positivo"
"43",43,"V",0.9632557178,0.4,"Positivo"
"44",44,"K",0.9658515549,0.2,"Positivo"
"45",45,"A",0.9710820442,0.4,"Positivo"
"46",46,"P",0.980914763,0.2,"Positivo"
"47",47,"R",0.9493225541,-0.2,"Negativo"
"48",48,"E",0.9921526823,-0.2,"Negativo"
"49",49,"E",0.9993210517,0,"No charge"
"50",50,"Q",0.9997775181,0,"No charge"
