"","Num","Res","VLXT","NCPR","Charge"
"1",1,"L",0.7309481354,0,"No charge"
"2",2,"E",0.7375339043,0,"No charge"
"3",3,"E",0.5071337488,-0.2,"Negativo"
"4",4,"Q",0.5368594879,-0.2,"Negativo"
"5",5,"K",0.5359500476,0,"No charge"
"6",6,"L",0.4910385374,0.2,"Positivo"
"7",7,"Q",0.4715319977,0.2,"Positivo"
"8",8,"I",0.4786104805,0,"No charge"
"9",9,"Q",0.4785404998,-0.2,"Negativo"
"10",10,"V",0.4912075597,-0.2,"Negativo"
"11",11,"E",0.4615058801,-0.2,"Negativo"
"12",12,"L",0.4181182736,-0.4,"Negativo"
"13",13,"L",0.413878511,-0.4,"Negativo"
"14",14,"E",0.4656318399,-0.4,"Negativo"
"15",15,"L",0.5400436704,-0.2,"Negativo"
"16",16,"E",0.5884750022,-0.2,"Negativo"
"17",17,"K",0.6359360536,0.2,"Positivo"
"18",18,"Q",0.6872427087,0.2,"Positivo"
"19",19,"R",0.7347446903,0.6,"Positivo"
"20",20,"F",0.8153610921,0.4,"Positivo"
"21",21,"R",0.9100867593,0.4,"Positivo"
"22",22,"W",0.9820906784,0.4,"Positivo"
"23",23,"Q",0.9981200666,0.4,"Positivo"
"24",24,"R",0.9984786563,0.2,"Positivo"
"25",25,"F",0.998659736,0.4,"Positivo"
"26",26,"S",0.998498966,0.6,"Positivo"
"27",27,"K",0.9982052134,0.6,"Positivo"
"28",28,"K",0.9979114609,0.4,"Positivo"
"29",29,"R",0.9954723921,0.4,"Positivo"
"30",30,"D",0.9954790222,0,"No charge"
"31",31,"Q",0.9950414589,-0.2,"Negativo"
"32",32,"E",0.9942058104,-0.6,"Negativo"
"33",33,"L",0.9933878935,-0.2,"Negativo"
"34",34,"E",0.9856616496,-0.2,"Negativo"
"35",35,"R",0.9710157526,0.2,"Positivo"
"36",36,"M",0.9550444622,0.2,"Positivo"
"37",37,"R",0.9393211068,0.2,"Positivo"
"38",38,"M",0.9252844869,0,"No charge"
"39",39,"E",0.9083788296,-0.2,"Negativo"
"40",40,"N",0.8919160064,-0.2,"Negativo"
"41",41,"E",0.8877450499,-0.2,"Negativo"
"42",42,"R",0.8763668409,0.2,"Positivo"
"43",43,"M",0.8791328336,0.2,"Positivo"
"44",44,"K",0.879819674,0.2,"Positivo"
"45",45,"L",0.856372266,0,"No charge"
"46",46,"E",0.8337804306,-0.2,"Negativo"
"47",47,"N",0.8158779448,-0.2,"Negativo"
"48",48,"D",0.8056785053,-0.2,"Negativo"
"49",49,"R",0.7960464664,0,"No charge"
"50",50,"M",0.7467537149,0,"No charge"
"51",51,"G",0.6805604213,0,"No charge"
"52",52,"L",0.634995757,-0.2,"Negativo"
"53",53,"E",0.6063763677,0,"No charge"
"54",54,"L",0.6210870611,0,"No charge"
"55",55,"K",0.6282615296,0.2,"Positivo"
"56",56,"Q",0.6498882611,0.2,"Positivo"
"57",57,"R",0.6615361563,0.2,"Positivo"
"58",58,"E",0.6741739643,0,"No charge"
"59",59,"L",0.7150792827,0,"No charge"
"60",60,"G",0.8810325699,-0.4,"Negativo"
"61",61,"V",0.8605504595,0,"No charge"
"62",62,"E",0.8745662798,0,"No charge"
