"","Num","Res","VLXT","NCPR","Charge"
"1",1,"P",0.3219468365,0,"No charge"
"2",2,"L",0.3813106169,0,"No charge"
"3",3,"Q",0.2473238064,-0.2,"Negativo"
"4",4,"E",0.2836777539,-0.2,"Negativo"
"5",5,"I",0.2641763198,-0.2,"Negativo"
"6",6,"F",0.2359548948,-0.2,"Negativo"
"7",7,"G",0.2481917901,0,"No charge"
"8",8,"V",0.2898218606,0.2,"Positivo"
"9",9,"T",0.3422597222,0.2,"Positivo"
"10",10,"K",0.3984282414,0.2,"Positivo"
"11",11,"N",0.449440358,0,"No charge"
"12",12,"N",0.4654013399,0,"No charge"
"13",13,"D",0.5205952162,-0.4,"Negativo"
"14",14,"H",0.5855816388,-0.2,"Negativo"
"15",15,"E",0.6563333896,-0.2,"Negativo"
"16",16,"K",0.6341891682,-0.2,"Negativo"
"17",17,"H",0.6564099636,-0.4,"Negativo"
"18",18,"D",0.6644761947,-0.4,"Negativo"
"19",19,"E",0.6595070398,-0.6,"Negativo"
"20",20,"E",0.6636814197,-0.8,"Negativo"
"21",21,"P",0.7317846648,-0.8,"Negativo"
"22",22,"D",0.7550507014,-0.8,"Negativo"
"23",23,"E",0.7733209292,-0.6,"Negativo"
"24",24,"E",0.7894233804,-0.6,"Negativo"
"25",25,"S",0.8511762585,-0.2,"Negativo"
"26",26,"Y",0.8530555438,0,"No charge"
"27",27,"R",0.8499049941,0.2,"Positivo"
"28",28,"M",0.8445717226,0.4,"Positivo"
"29",29,"A",0.8516284705,0.6,"Positivo"
"30",30,"K",0.8652096401,0.4,"Positivo"
"31",31,"R",0.8789059752,0.6,"Positivo"
"32",32,"Q",0.8991975604,0.6,"Positivo"
"33",33,"R",0.915898932,0.4,"Positivo"
"34",34,"S",0.9327952631,0,"No charge"
"35",35,"M",0.950694307,0,"No charge"
"36",36,"E",0.9729310092,0,"No charge"
"37",37,"Y",0.9921550553,0,"No charge"
"38",38,"R",0.9998395384,0,"No charge"
"39",39,"M",0.9727207835,0.2,"Positivo"
"40",40,"M",0.9322203908,0,"No charge"
"41",41,"M",0.9056293693,0,"No charge"
"42",42,"E",0.9021063301,0.2,"Positivo"
"43",43,"K",0.9018181875,0.4,"Positivo"
"44",44,"K",0.9001906941,0.6,"Positivo"
"45",45,"R",0.8987642787,1,"Positivo"
"46",46,"R",0.889392908,0.6,"Positivo"
"47",47,"K",0.847046978,0.4,"Positivo"
"48",48,"E",0.8103098523,0.4,"Positivo"
"49",49,"I",0.7803130699,0,"No charge"
"50",50,"K",0.7281802532,0,"No charge"
"51",51,"D",0.6676972833,0.2,"Positivo"
"52",52,"K",0.5954171811,0,"No charge"
"53",53,"V",0.3654364083,-0.2,"Negativo"
"54",54,"D",0.2913735867,0,"No charge"
"55",55,"I",0.4239000915,0,"No charge"
"56",56,"L",0.3468733633,0,"No charge"
