"","Num","Res","VLXT","NCPR","Charge"
"1",1,"E",0.697666815,0,"No charge"
"2",2,"K",0.8422825219,0,"No charge"
"3",3,"L",0.7403739732,-0.2,"Negativo"
"4",4,"L",0.7505774153,0,"No charge"
"5",5,"D",0.740948058,-0.2,"Negativo"
"6",6,"T",0.7400246696,-0.2,"Negativo"
"7",7,"M",0.7272425574,0,"No charge"
"8",8,"N",0.7253153907,0.2,"Positivo"
"9",9,"R",0.6867366291,0,"No charge"
"10",10,"L",0.6960684605,-0.2,"Negativo"
"11",11,"D",0.7150914705,0,"No charge"
"12",12,"D",0.7267535428,-0.2,"Negativo"
"13",13,"K",0.7384738261,0,"No charge"
"14",14,"Y",0.7728897056,0,"No charge"
"15",15,"R",0.7978630859,0.2,"Positivo"
"16",16,"E",0.8068648776,0.2,"Positivo"
"17",17,"L",0.8160320588,0.2,"Positivo"
"18",18,"R",0.8617986369,0,"No charge"
"19",19,"S",0.8633906146,0.2,"Positivo"
"20",20,"Q",0.8442977784,0.2,"Positivo"
"21",21,"L",0.8302144972,0,"No charge"
"22",22,"S",0.7767643835,0.2,"Positivo"
"23",23,"N",0.7133092762,0.2,"Positivo"
"24",24,"K",0.6514913774,0.2,"Positivo"
"25",25,"S",0.6083022125,0.2,"Positivo"
"26",26,"L",0.5353592488,0.2,"Positivo"
"27",27,"A",0.4772721822,-0.2,"Negativo"
"28",28,"P",0.4754641989,-0.2,"Negativo"
"29",29,"E",0.486391418,-0.2,"Negativo"
"30",30,"V",0.4947143552,-0.2,"Negativo"
"31",31,"H",0.5370944376,-0.2,"Negativo"
"32",32,"Q",0.5845521631,0,"No charge"
"33",33,"Q",0.6357158652,0,"No charge"
"34",34,"I",0.6786579278,0.2,"Positivo"
"35",35,"S",0.7440309232,0.2,"Positivo"
"36",36,"K",0.8016777965,0.2,"Positivo"
"37",37,"Q",0.8073382992,0.2,"Positivo"
"38",38,"L",0.804276125,0,"No charge"
"39",39,"A",0.7961465947,0,"No charge"
"40",40,"D",0.802751971,-0.2,"Negativo"
"41",41,"R",0.816475012,0,"No charge"
"42",42,"E",0.8161711461,-0.2,"Negativo"
"43",43,"R",0.7711188062,0,"No charge"
"44",44,"E",0.7316175656,-0.2,"Negativo"
"45",45,"L",0.6734434438,0,"No charge"
"46",46,"L",0.6127740311,-0.2,"Negativo"
"47",47,"P",0.5475065138,0,"No charge"
"48",48,"I",0.4802905628,0,"No charge"
"49",49,"Y",0.3906166624,0,"No charge"
"50",50,"G",0.2498094898,0,"No charge"
"51",51,"Q",0.228618759,0,"No charge"
"52",52,"I",0.1799094226,0,"No charge"
"53",53,"S",0.0631387503,0,"No charge"
