"","Num","Res","VLXT","NCPR","Charge"
"1",1,"A",0.3451666009,0,"No charge"
"2",2,"T",0.4289938759,0,"No charge"
"3",3,"I",0.4612651453,0.4,"Positivo"
"4",4,"K",0.5291100025,0.4,"Positivo"
"5",5,"R",0.6026555369,0.6,"Positivo"
"6",6,"L",0.659449695,0.8,"Positivo"
"7",7,"K",0.7140408559,0.6,"Positivo"
"8",8,"R",0.7650490687,0.4,"Positivo"
"9",9,"S",0.8113090496,0.2,"Positivo"
"10",10,"P",0.8421958278,0.2,"Positivo"
"11",11,"D",0.8798184345,0,"No charge"
"12",12,"K",0.9120173145,0,"No charge"
"13",13,"Q",0.9415996787,0,"No charge"
"14",14,"A",0.9523582138,0.2,"Positivo"
"15",15,"A",0.9563505017,0,"No charge"
"16",16,"A",0.9532316451,0,"No charge"
"17",17,"L",0.95011004,0.2,"Positivo"
"18",18,"P",0.9430516643,0.4,"Positivo"
"19",19,"R",0.9115128871,0.2,"Positivo"
"20",20,"R",0.8776959227,0.4,"Positivo"
"21",21,"E",0.8291223227,0.4,"Positivo"
"22",22,"R",0.7818869951,0.4,"Positivo"
"23",23,"N",0.7782446762,0.2,"Positivo"
"24",24,"R",0.7860526495,0.4,"Positivo"
"25",25,"Q",0.797427477,0.2,"Positivo"
"26",26,"A",0.8088023045,0.2,"Positivo"
"27",27,"A",0.8168266753,0,"No charge"
"28",28,"A",0.8537974646,0,"No charge"
"29",29,"A",0.887011345,0,"No charge"
"30",30,"S",0.9350892111,-0.2,"Negativo"
"31",31,"P",0.9822972624,-0.2,"Negativo"
"32",32,"E",0.987561042,-0.2,"Negativo"
"33",33,"N",0.9917010618,0,"No charge"
"34",34,"S",0.992282079,0,"No charge"
"35",35,"R",0.9928452348,0.4,"Positivo"
"36",36,"G",0.9978869942,0.4,"Positivo"
"37",37,"K",0.9983298712,0.6,"Positivo"
"38",38,"G",0.9989224894,0.6,"Positivo"
"39",39,"R",0.9994583774,0.6,"Positivo"
"40",40,"R",0.9993883389,0.4,"Positivo"
"41",41,"G",0.9963102068,0.6,"Positivo"
"42",42,"Q",0.9799349891,0.4,"Positivo"
"43",43,"R",0.968774573,0.4,"Positivo"
"44",44,"G",0.9586434556,0.4,"Positivo"
"45",45,"K",0.9049816705,0.6,"Positivo"
"46",46,"N",0.8584821839,0.4,"Positivo"
"47",47,"R",0.899403472,0.4,"Positivo"
"48",48,"G",0.9085064066,0.2,"Positivo"
"49",49,"C",0.5165635556,0,"No charge"
"50",50,"V",0.57983046,0,"No charge"
