"","Num","Res","VLXT","NCPR","Charge"
"1",1,"F",0.4663806204,0,"No charge"
"2",2,"G",0.47158434,0,"No charge"
"3",3,"P",0.5893795369,0,"No charge"
"4",4,"L",0.6606589523,0,"No charge"
"5",5,"L",0.7109255538,0,"No charge"
"6",6,"P",0.7659396605,-0.2,"Negativo"
"7",7,"T",0.8107508407,-0.2,"Negativo"
"8",8,"E",0.8398957038,-0.4,"Negativo"
"9",9,"S",0.8618422373,-0.2,"Negativo"
"10",10,"E",0.8700565867,-0.2,"Negativo"
"11",11,"R",0.8789746457,0,"No charge"
"12",12,"S",0.8705964487,0,"No charge"
"13",13,"L",0.8691084593,0,"No charge"
"14",14,"M",0.8691133177,0,"No charge"
"15",15,"E",0.8571534607,0,"No charge"
"16",16,"R",0.8655729805,0.2,"Positivo"
"17",17,"V",0.8792632474,0.2,"Positivo"
"18",18,"R",0.892231909,0.2,"Positivo"
"19",19,"Q",0.9077148451,0,"No charge"
"20",20,"E",0.919957179,0.2,"Positivo"
"21",21,"L",0.9293586063,0,"No charge"
"22",22,"K",0.9416471774,-0.2,"Negativo"
"23",23,"L",0.9538564067,0,"No charge"
"24",24,"E",0.9650167618,0.2,"Positivo"
"25",25,"L",0.9469987069,0,"No charge"
"26",26,"K",0.9239494477,0,"No charge"
"27",27,"Q",0.9068980597,0.2,"Positivo"
"28",28,"G",0.9051571147,0.4,"Positivo"
"29",29,"F",0.9055488844,0.2,"Positivo"
"30",30,"K",0.9101151025,0.4,"Positivo"
"31",31,"S",0.9125616102,0.4,"Positivo"
"32",32,"R",0.9150127542,0.2,"Positivo"
"33",33,"I",0.9183623011,-0.2,"Negativo"
"34",34,"E",0.9418287236,-0.2,"Negativo"
"35",35,"D",0.9676277915,-0.2,"Negativo"
"36",36,"V",0.9874613709,-0.4,"Negativo"
"37",37,"R",0.990294334,-0.4,"Negativo"
"38",38,"E",0.9948371785,-0.2,"Negativo"
"39",39,"E",0.9918887743,-0.2,"Negativo"
"40",40,"I",0.9832286113,-0.2,"Negativo"
"41",41,"M",0.9740860888,0.2,"Positivo"
"42",42,"R",0.9713415255,0.6,"Positivo"
"43",43,"K",0.9711418422,0.8,"Positivo"
"44",44,"R",0.96760037,0.8,"Positivo"
"45",45,"R",0.9567860142,0.6,"Positivo"
"46",46,"A",0.9346385345,0.6,"Positivo"
"47",47,"G",0.9056516481,0.4,"Positivo"
"48",48,"K",0.8798530527,0.2,"Positivo"
"49",49,"L",0.8551368918,0.2,"Positivo"
"50",50,"P",0.8325978397,0,"No charge"
"51",51,"G",0.7343378654,-0.2,"Negativo"
"52",52,"D",0.7366850301,-0.2,"Negativo"
"53",53,"T",0.69926346,0,"No charge"
"54",54,"T",0.7145579309,0,"No charge"
