"","Num","Res","VLXT","NCPR","Charge"
"1",1,"K",0.4936273676,0,"No charge"
"2",2,"R",0.7046294194,0,"No charge"
"3",3,"K",0.8133336792,0.6,"Positivo"
"4",4,"L",0.7747194908,0.4,"Positivo"
"5",5,"S",0.6133877603,0.2,"Positivo"
"6",6,"I",0.6268793155,0,"No charge"
"7",7,"P",0.6156726768,0,"No charge"
"8",8,"M",0.5789483422,0,"No charge"
"9",9,"T",0.5129260248,0,"No charge"
"10",10,"V",0.4665556334,0.2,"Positivo"
"11",11,"A",0.4455729903,0.2,"Positivo"
"12",12,"R",0.4624577325,0.2,"Positivo"
"13",13,"V",0.485831771,0.4,"Positivo"
"14",14,"V",0.525359544,0.4,"Positivo"
"15",15,"K",0.5558008543,0.2,"Positivo"
"16",16,"Y",0.5975055958,0.2,"Positivo"
"17",17,"I",0.6549341592,0,"No charge"
"18",18,"P",0.7459166341,-0.2,"Negativo"
"19",19,"E",0.8239810468,0,"No charge"
"20",20,"Q",0.8800830273,0,"No charge"
"21",21,"K",0.9048026348,-0.2,"Negativo"
"22",22,"Q",0.9300256447,0,"No charge"
"23",23,"E",0.9643006164,0,"No charge"
"24",24,"L",0.9764130598,0,"No charge"
"25",25,"Q",0.9785161541,0,"No charge"
"26",26,"R",0.9785445553,0.2,"Positivo"
"27",27,"L",0.9786138432,0.4,"Positivo"
"28",28,"S",0.9836592071,0.6,"Positivo"
"29",29,"R",0.9888010538,0.6,"Positivo"
"30",30,"R",0.9940406849,0.4,"Positivo"
"31",31,"K",0.9992907281,0.2,"Positivo"
"32",32,"E",0.9995006884,0,"No charge"
"33",33,"E",0.9996616899,-0.2,"Negativo"
"34",34,"L",0.9998710897,-0.2,"Negativo"
"35",35,"L",0.9998700296,0.2,"Positivo"
"36",36,"K",0.9998681856,0.4,"Positivo"
"37",37,"R",0.9998337414,0.4,"Positivo"
"38",38,"I",0.9986109665,0.6,"Positivo"
"39",39,"S",0.9974197824,0.6,"Positivo"
"40",40,"R",0.9828845742,0.4,"Positivo"
"41",41,"K",0.9611572935,0.4,"Positivo"
"42",42,"T",0.9256957214,0.4,"Positivo"
"43",43,"H",0.8785417837,0,"No charge"
"44",44,"Q",0.7826391342,-0.2,"Negativo"
"45",45,"E",0.6923697944,-0.2,"Negativo"
"46",46,"Q",0.6159017369,0,"No charge"
"47",47,"L",0.5327661422,0,"No charge"
"48",48,"R",0.460211229,0.4,"Positivo"
"49",49,"N",0.4110067325,0.4,"Positivo"
"50",50,"K",0.3677152021,0.4,"Positivo"
"51",51,"A",0.3459113469,0.2,"Positivo"
"52",52,"M",0.3373857722,0,"No charge"
"53",53,"M",0.3726021457,-0.2,"Negativo"
"54",54,"D",0.4147554916,-0.2,"Negativo"
"55",55,"S",0.484095316,-0.4,"Negativo"
"56",56,"I",0.4988091793,0,"No charge"
"57",57,"D",0.4537413255,0,"No charge"
