"","Num","Res","VLXT","NCPR","Charge"
"1",1,"Y",0.059394638,0,"No charge"
"2",2,"R",0.0908419483,0,"No charge"
"3",3,"G",0.2034547325,0.2,"Positivo"
"4",4,"S",0.3998502133,0.2,"Positivo"
"5",5,"S",0.4334823373,0,"No charge"
"6",6,"F",0.506325706,-0.2,"Negativo"
"7",7,"L",0.5437736652,-0.2,"Negativo"
"8",8,"D",0.5841870591,0,"No charge"
"9",9,"P",0.5974372609,0,"No charge"
"10",10,"K",0.593885476,0.2,"Positivo"
"11",11,"G",0.5606052524,0.4,"Positivo"
"12",12,"R",0.4992806745,0.4,"Positivo"
"13",13,"G",0.5223733266,0.2,"Positivo"
"14",14,"G",0.5511817474,0.2,"Positivo"
"15",15,"S",0.5808494457,0,"No charge"
"16",16,"T",0.6393611711,0,"No charge"
"17",17,"G",0.6715569229,-0.2,"Negativo"
"18",18,"Y",0.6855633306,-0.2,"Negativo"
"19",19,"D",0.7275395892,-0.2,"Negativo"
"20",20,"N",0.7988386771,-0.2,"Negativo"
"21",21,"A",0.8730245569,-0.2,"Negativo"
"22",22,"V",0.8587161407,0,"No charge"
"23",23,"A",0.8358651951,0,"No charge"
"24",24,"L",0.8135418908,0,"No charge"
"25",25,"P",0.803370798,0,"No charge"
"26",26,"A",0.8010943411,0,"No charge"
"27",27,"G",0.8208534534,0.2,"Positivo"
"28",28,"G",0.8191935918,0.2,"Positivo"
"29",29,"R",0.8162769207,0,"No charge"
"30",30,"G",0.8164743827,-0.2,"Negativo"
"31",31,"D",0.8217873021,-0.4,"Negativo"
"32",32,"E",0.8291691642,-0.8,"Negativo"
"33",33,"E",0.8249559729,-0.8,"Negativo"
"34",34,"E",0.7991859888,-0.6,"Negativo"
"35",35,"L",0.7725424329,-0.2,"Negativo"
"36",36,"V",0.7408666484,-0.2,"Negativo"
"37",37,"K",0.6984727105,0,"No charge"
"38",38,"E",0.655237746,0,"No charge"
"39",39,"N",0.6133398297,0.2,"Positivo"
"40",40,"V",0.5701141689,0,"No charge"
"41",41,"K",0.516894586,0.2,"Positivo"
"42",42,"N",0.4852800477,0.2,"Positivo"
"43",43,"T",0.4635018537,0.2,"Positivo"
"44",44,"A",0.443937893,0,"No charge"
"45",45,"A",0.4403665056,0,"No charge"
"46",46,"S",0.4417359504,0,"No charge"
"47",47,"V",0.435005671,-0.2,"Negativo"
"48",48,"G",0.4205812832,-0.2,"Negativo"
"49",49,"E",0.5057671609,0,"No charge"
"50",50,"I",0.4531199737,0,"No charge"
