"","Num","Res","VLXT","NCPR","Charge"
"1",1,"E",0.9676484227,0,"No charge"
"2",2,"S",0.9660063188,0,"No charge"
"3",3,"S",0.9805025477,-0.4,"Negativo"
"4",4,"D",0.9877425333,-0.2,"Negativo"
"5",5,"Q",0.9850814297,0,"No charge"
"6",6,"A",0.9883420628,-0.2,"Negativo"
"7",7,"K",0.9920036287,-0.2,"Negativo"
"8",8,"E",0.9940651879,-0.4,"Negativo"
"9",9,"E",0.9953219022,-0.6,"Negativo"
"10",10,"E",0.9961108539,-0.6,"Negativo"
"11",11,"E",0.996033288,-0.6,"Negativo"
"12",12,"K",0.9932356919,-0.6,"Negativo"
"13",13,"E",0.9879999066,-0.6,"Negativo"
"14",14,"E",0.9883245248,-0.6,"Negativo"
"15",15,"E",0.9879929788,-1,"Negativo"
"16",16,"E",0.9867358848,-1,"Negativo"
"17",17,"E",0.9854681055,-0.6,"Negativo"
"18",18,"E",0.982526926,-0.6,"Negativo"
"19",19,"R",0.9821005043,-0.4,"Negativo"
"20",20,"D",0.9824929129,-0.2,"Negativo"
"21",21,"S",0.9847271486,0,"No charge"
"22",22,"M",0.9870323193,-0.2,"Negativo"
"23",23,"M",0.9784083055,0,"No charge"
"24",24,"G",0.9571060483,0.2,"Positivo"
"25",25,"Q",0.9214297675,0.2,"Positivo"
"26",26,"K",0.9047224887,0,"No charge"
"27",27,"I",0.8900279806,0,"No charge"
"28",28,"D",0.8755840482,0,"No charge"
"29",29,"G",0.8575427319,-0.4,"Negativo"
"30",30,"S",0.8418772999,-0.4,"Negativo"
"31",31,"E",0.8273849827,-0.4,"Negativo"
"32",32,"G",0.8156241355,-0.6,"Negativo"
"33",33,"E",0.8154891171,-0.6,"Negativo"
"34",34,"D",0.8262107914,-0.4,"Negativo"
"35",35,"I",0.8091957841,-0.4,"Negativo"
"36",36,"Q",0.7928005481,-0.2,"Negativo"
"37",37,"I",0.7851185134,0,"No charge"
"38",38,"W",0.7308868833,-0.2,"Negativo"
"39",39,"G",0.7239968956,-0.4,"Negativo"
"40",40,"E",0.7077270537,-0.6,"Negativo"
"41",41,"E",0.7067734527,-0.6,"Negativo"
"42",42,"E",0.6888797368,-0.4,"Negativo"
"43",43,"V",0.6603458427,0,"No charge"
"44",44,"R",0.6300386946,0.2,"Positivo"
"45",45,"R",0.6194345841,0.4,"Positivo"
"46",46,"L",0.5743898009,0.2,"Positivo"
"47",47,"M",0.5743445226,0,"No charge"
"48",48,"E",0.4113816593,-0.4,"Negativo"
"49",49,"I",0.5973376543,-0.4,"Negativo"
"50",50,"D",0.3903714326,0,"No charge"
"51",51,"A",0.3458841245,0,"No charge"
