"","Num","Res","VLXT","NCPR","Charge"
"1",1,"M",0.8990541997,0,"No charge"
"2",2,"P",0.6630152791,0,"No charge"
"3",3,"L",0.6727814971,0,"No charge"
"4",4,"P",0.6350710523,0,"No charge"
"5",5,"V",0.5975061369,0,"No charge"
"6",6,"A",0.5435479698,0,"No charge"
"7",7,"L",0.5005675471,0,"No charge"
"8",8,"Q",0.4583196876,0.2,"Positivo"
"9",9,"T",0.4396177047,0.2,"Positivo"
"10",10,"R",0.4312242996,0.2,"Positivo"
"11",11,"L",0.4626219841,0.4,"Positivo"
"12",12,"A",0.5058927703,0.6,"Positivo"
"13",13,"K",0.5538938118,0.4,"Positivo"
"14",14,"R",0.5931408842,0.4,"Positivo"
"15",15,"G",0.6395850911,0.4,"Positivo"
"16",16,"I",0.7012998492,0.4,"Positivo"
"17",17,"L",0.7571197056,0.2,"Positivo"
"18",18,"K",0.7966240282,0.2,"Positivo"
"19",19,"H",0.7821608417,0,"No charge"
"20",20,"L",0.7760415097,0,"No charge"
"21",21,"E",0.7644605914,-0.4,"Negativo"
"22",22,"P",0.7674480032,-0.4,"Negativo"
"23",23,"E",0.7819849273,-0.6,"Negativo"
"24",24,"P",0.7980606952,-0.6,"Negativo"
"25",25,"E",0.8165844639,-0.8,"Negativo"
"26",26,"E",0.8370709236,-0.6,"Negativo"
"27",27,"E",0.8559362788,-0.6,"Negativo"
"28",28,"I",0.9176561255,-0.4,"Negativo"
"29",29,"I",0.9421460508,-0.4,"Negativo"
"30",30,"A",0.9679494806,-0.4,"Negativo"
"31",31,"E",0.9658539898,-0.4,"Negativo"
"32",32,"D",0.9521593141,-0.6,"Negativo"
"33",33,"Y",0.9386210057,-0.8,"Negativo"
"34",34,"D",0.8951828366,-0.8,"Negativo"
"35",35,"D",0.8790481493,-0.6,"Negativo"
"36",36,"D",0.8636826923,-0.6,"Negativo"
"37",37,"P",0.8436659283,-0.6,"Negativo"
"38",38,"V",0.8118834056,-0.4,"Negativo"
"39",39,"D",0.7596185075,-0.4,"Negativo"
"40",40,"Y",0.7549289492,-0.4,"Negativo"
"41",41,"E",0.7407418074,-0.4,"Negativo"
"42",42,"A",0.7479625568,0,"No charge"
"43",43,"T",0.7757983096,0,"No charge"
"44",44,"R",0.7816162602,0,"No charge"
"45",45,"L",0.7952656468,0,"No charge"
"46",46,"E",0.8090525994,0,"No charge"
"47",47,"G",0.8579164691,-0.2,"Negativo"
"48",48,"L",0.8864569765,-0.2,"Negativo"
"49",49,"P",0.9766356729,0,"No charge"
"50",50,"P",0.9327710184,0,"No charge"
