"","Num","Res","VLXT","NCPR","Charge"
"1",1,"M",0.8600129679,0,"No charge"
"2",2,"A",0.797164733,0,"No charge"
"3",3,"D",0.8871986676,0,"No charge"
"4",4,"R",0.7489517399,0.2,"Positivo"
"5",5,"V",0.797304357,0.2,"Positivo"
"6",6,"K",0.7994488819,0.4,"Positivo"
"7",7,"G",0.8027343167,0.2,"Positivo"
"8",8,"P",0.7966636306,0.2,"Positivo"
"9",9,"W",0.8137657076,0,"No charge"
"10",10,"S",0.822184627,-0.2,"Negativo"
"11",11,"Q",0.8198741818,-0.4,"Negativo"
"12",12,"E",0.8273172366,-0.6,"Negativo"
"13",13,"E",0.8278425074,-0.8,"Negativo"
"14",14,"D",0.8278754327,-0.8,"Negativo"
"15",15,"E",0.8023517454,-0.6,"Negativo"
"16",16,"Q",0.8003176007,-0.2,"Negativo"
"17",17,"L",0.7963256988,0.2,"Positivo"
"18",18,"R",0.7819508114,0.4,"Positivo"
"19",19,"R",0.7645840905,0.4,"Positivo"
"20",20,"M",0.7894334592,0.2,"Positivo"
"21",21,"V",0.806564805,0.2,"Positivo"
"22",22,"E",0.8073909528,0,"No charge"
"23",23,"K",0.8171186215,0,"No charge"
"24",24,"Y",0.8514751635,0,"No charge"
"25",25,"G",0.8681843903,0.4,"Positivo"
"26",26,"P",0.8700016045,0.2,"Positivo"
"27",27,"R",0.8766961291,0.2,"Positivo"
"28",28,"N",0.9104123858,0.2,"Positivo"
"29",29,"W",0.9144282949,0.2,"Positivo"
"30",30,"S",0.9189579027,0,"No charge"
"31",31,"A",0.9376926037,0,"No charge"
"32",32,"I",0.9478099089,0.2,"Positivo"
"33",33,"S",0.9459036547,0.2,"Positivo"
"34",34,"K",0.949524618,0.2,"Positivo"
"35",35,"S",0.9555438988,0.2,"Positivo"
"36",36,"I",0.9674255157,0.2,"Positivo"
"37",37,"P",0.9469307425,0.2,"Positivo"
"38",38,"G",0.9453473359,0.2,"Positivo"
"39",39,"R",0.9432957111,0.2,"Positivo"
"40",40,"S",0.9289374248,0.4,"Positivo"
"41",41,"G",0.8835277997,0.4,"Positivo"
"42",42,"K",0.8404127812,0.2,"Positivo"
"43",43,"S",0.7920034835,0.4,"Positivo"
"44",44,"C",0.7549016047,0.4,"Positivo"
"45",45,"R",0.698211695,0.4,"Positivo"
"46",46,"L",0.6977089878,0.4,"Positivo"
"47",47,"R",0.5557143763,0.4,"Positivo"
"48",48,"W",0.5332469211,0.2,"Positivo"
"49",49,"C",0.4304725322,0,"No charge"
"50",50,"N",0.7992817643,0,"No charge"
