"","Num","Res","VLXT","NCPR","Charge"
"1",1,"L",0.7204343384,0,"No charge"
"2",2,"R",0.2756266805,0,"No charge"
"3",3,"S",0.0542479876,0.2,"Positivo"
"4",4,"R",0.1288825666,0.2,"Positivo"
"5",5,"D",0.1858968037,0,"No charge"
"6",6,"N",0.1314646007,0,"No charge"
"7",7,"I",0.1373576969,-0.4,"Negativo"
"8",8,"Y",0.2072684696,-0.2,"Negativo"
"9",9,"E",0.2670174458,0,"No charge"
"10",10,"Y",0.3348639918,-0.2,"Negativo"
"11",11,"R",0.3490879746,-0.2,"Negativo"
"12",12,"D",0.3590803469,0,"No charge"
"13",13,"S",0.3681121347,0,"No charge"
"14",14,"P",0.3736433499,-0.2,"Negativo"
"15",15,"S",0.4363878468,0.2,"Positivo"
"16",16,"T",0.4690144941,0.2,"Positivo"
"17",17,"K",0.4890038675,0.2,"Positivo"
"18",18,"T",0.5035957344,0.2,"Positivo"
"19",19,"L",0.5390945798,0.2,"Positivo"
"20",20,"A",0.6251293025,0.2,"Positivo"
"21",21,"S",0.7087111538,0.2,"Positivo"
"22",22,"K",0.7768194605,0.2,"Positivo"
"23",23,"A",0.8373809842,0.2,"Positivo"
"24",24,"H",0.8481116978,0,"No charge"
"25",25,"T",0.878058035,-0.2,"Negativo"
"26",26,"D",0.8886945228,-0.2,"Negativo"
"27",27,"T",0.901838881,-0.2,"Negativo"
"28",28,"T",0.8970711468,-0.2,"Negativo"
"29",29,"S",0.8989695074,0.2,"Positivo"
"30",30,"L",0.9044086478,0.2,"Positivo"
"31",31,"R",0.9261382379,0.2,"Positivo"
"32",32,"S",0.9474616416,0.2,"Positivo"
"33",33,"P",0.9461201035,0.2,"Positivo"
"34",34,"S",0.9446481273,0,"No charge"
"35",35,"S",0.9314346531,0,"No charge"
"36",36,"L",0.9111214603,0,"No charge"
"37",37,"A",0.8527639226,0,"No charge"
"38",38,"M",0.8193187068,0,"No charge"
"39",39,"T",0.762530831,0.2,"Positivo"
"40",40,"Q",0.7286779081,0.2,"Positivo"
"41",41,"K",0.7133708021,0.2,"Positivo"
"42",42,"S",0.7165810821,0.2,"Positivo"
"43",43,"S",0.7215663534,0.2,"Positivo"
"44",44,"S",0.7245566354,0,"No charge"
"45",45,"Q",0.7275738027,0,"No charge"
"46",46,"A",0.7486640772,0,"No charge"
"47",47,"S",0.9234410623,0.2,"Positivo"
"48",48,"L",0.8670689627,0.2,"Positivo"
"49",49,"K",0.7605851487,0,"No charge"
"50",50,"S",0.5808440095,0,"No charge"
