"","Num","Res","VLXT","NCPR","Charge"
"1",1,"S",0.9216049107,0,"No charge"
"2",2,"S",0.8052526673,0,"No charge"
"3",3,"D",0.8071063362,0,"No charge"
"4",4,"Q",0.8094113254,0,"No charge"
"5",5,"R",0.7352759074,0,"No charge"
"6",6,"T",0.7044551619,0.4,"Positivo"
"7",7,"L",0.705300482,0.6,"Positivo"
"8",8,"R",0.7060633191,0.4,"Positivo"
"9",9,"R",0.7123003833,0.4,"Positivo"
"10",10,"L",0.7296134528,0.4,"Positivo"
"11",11,"A",0.7610572242,0.2,"Positivo"
"12",12,"Q",0.7983282927,0.2,"Positivo"
"13",13,"N",0.8433031288,0,"No charge"
"14",14,"R",0.8903784613,0,"No charge"
"15",15,"E",0.9298714625,0,"No charge"
"16",16,"A",0.9505552422,0.2,"Positivo"
"17",17,"A",0.9711155417,0.2,"Positivo"
"18",18,"R",0.9860203649,0.4,"Positivo"
"19",19,"K",0.9995670031,0.6,"Positivo"
"20",20,"S",0.9995581334,0.6,"Positivo"
"21",21,"R",0.9995577082,0.6,"Positivo"
"22",22,"L",0.9994499707,0.6,"Positivo"
"23",23,"R",0.9994332471,0.8,"Positivo"
"24",24,"K",0.9994154382,0.6,"Positivo"
"25",25,"K",0.999310709,0.6,"Positivo"
"26",26,"A",0.9970760491,0.4,"Positivo"
"27",27,"Y",0.9929611116,0.2,"Positivo"
"28",28,"V",0.9741254651,0,"No charge"
"29",29,"Q",0.9610526923,0,"No charge"
"30",30,"Q",0.9355032675,-0.2,"Negativo"
"31",31,"L",0.9114661155,-0.2,"Negativo"
"32",32,"E",0.8873364868,-0.2,"Negativo"
"33",33,"N",0.865310319,0,"No charge"
"34",34,"S",0.8458054374,0,"No charge"
"35",35,"R",0.8290265656,0.4,"Positivo"
"36",36,"I",0.8140531108,0.4,"Positivo"
"37",37,"R",0.8138017154,0.4,"Positivo"
"38",38,"L",0.8091910881,0.2,"Positivo"
"39",39,"A",0.8134980842,0.2,"Positivo"
"40",40,"Q",0.823743688,-0.2,"Negativo"
"41",41,"L",0.832379776,-0.4,"Negativo"
"42",42,"E",0.8428323282,-0.6,"Negativo"
"43",43,"E",0.8528932944,-0.6,"Negativo"
"44",44,"E",0.8704530288,-0.4,"Negativo"
"45",45,"L",0.8807296921,0,"No charge"
"46",46,"K",0.8879829105,0.2,"Positivo"
"47",47,"R",0.900165915,0.6,"Positivo"
"48",48,"A",0.9201975662,0.6,"Positivo"
"49",49,"R",0.9283227722,0.4,"Positivo"
"50",50,"Q",0.9407076465,0.2,"Positivo"
"51",51,"Q",0.9326498041,0.2,"Positivo"
"52",52,"G",0.922929538,0,"No charge"
"53",53,"S",0.9042089397,0,"No charge"
"54",54,"L",0.9716469446,-0.2,"Negativo"
"55",55,"V",0.8228118104,0,"No charge"
"56",56,"E",0.8255943683,0,"No charge"
"57",57,"R",0.8174450067,0,"No charge"
