"","Num","Res","VLXT","NCPR","Charge"
"1",1,"D",0.4438208408,0,"No charge"
"2",2,"L",0.4589101843,0,"No charge"
"3",3,"C",0.5272841301,-0.2,"Negativo"
"4",4,"Q",0.535134958,0,"No charge"
"5",5,"L",0.5760249616,0,"No charge"
"6",6,"S",0.629422848,-0.2,"Negativo"
"7",7,"A",0.6882430055,-0.2,"Negativo"
"8",8,"E",0.7385986525,0,"No charge"
"9",9,"T",0.7884258102,0.2,"Positivo"
"10",10,"K",0.8357207935,0.2,"Positivo"
"11",11,"K",0.8843316213,0.4,"Positivo"
"12",12,"T",0.9381792708,0.4,"Positivo"
"13",13,"P",0.9739076111,0.4,"Positivo"
"14",14,"S",0.9815872879,0.2,"Positivo"
"15",15,"R",0.9890862324,0.2,"Positivo"
"16",16,"S",0.9894103238,0.4,"Positivo"
"17",17,"A",0.990677809,0.6,"Positivo"
"18",18,"R",0.9916014692,0.6,"Positivo"
"19",19,"R",0.993514839,0.8,"Positivo"
"20",20,"K",0.9934033422,0.8,"Positivo"
"21",21,"K",0.9932862843,0.8,"Positivo"
"22",22,"A",0.9936571309,0.8,"Positivo"
"23",23,"K",0.9945482443,0.6,"Positivo"
"24",24,"R",0.9954355124,0.4,"Positivo"
"25",25,"Q",0.9960833973,0.4,"Positivo"
"26",26,"W",0.9925513465,0.4,"Positivo"
"27",27,"L",0.9920541678,0,"No charge"
"28",28,"R",0.9911812359,0.2,"Positivo"
"29",29,"E",0.9884297475,0.2,"Positivo"
"30",30,"K",0.9743125825,0.4,"Positivo"
"31",31,"T",0.8787800989,0.2,"Positivo"
"32",32,"K",0.7823152545,0.2,"Positivo"
"33",33,"L",0.7461405867,0.2,"Positivo"
"34",34,"E",0.7164364239,0,"No charge"
"35",35,"K",0.6490183596,-0.4,"Negativo"
"36",36,"E",0.556767336,-0.4,"Negativo"
"37",37,"E",0.4736809627,-0.2,"Negativo"
"38",38,"L",0.3922907663,-0.4,"Negativo"
"39",39,"L",0.3344795243,-0.2,"Negativo"
"40",40,"Q",0.3636049674,0,"No charge"
"41",41,"T",0.4069626663,0,"No charge"
"42",42,"Q",0.4110007072,0,"No charge"
"43",43,"L",0.4181251998,0,"No charge"
"44",44,"V",0.4668286424,0,"No charge"
"45",45,"V",0.5509205976,0,"No charge"
"46",46,"A",0.6325085568,0,"No charge"
"47",47,"P",0.715944862,0,"No charge"
"48",48,"S",0.7879501305,0.2,"Positivo"
"49",49,"Q",0.9139860958,0.2,"Positivo"
"50",50,"K",0.9680020279,0.2,"Positivo"
"51",51,"P",0.9923629683,0,"No charge"
"52",52,"V",0.9974814534,0,"No charge"
