"","Num","Res","VLXT","NCPR","Charge"
"1",1,"R",0.3927940366,0,"No charge"
"2",2,"D",0.4289305234,0,"No charge"
"3",3,"N",0.3626831266,0,"No charge"
"4",4,"S",0.473294141,-0.2,"Negativo"
"5",5,"G",0.5393364504,0,"No charge"
"6",6,"V",0.5706192146,0,"No charge"
"7",7,"T",0.6150867531,-0.2,"Negativo"
"8",8,"L",0.6761995582,-0.2,"Negativo"
"9",9,"E",0.7224476971,-0.2,"Negativo"
"10",10,"G",0.7700691568,0,"No charge"
"11",11,"P",0.7950521629,-0.2,"Negativo"
"12",12,"K",0.8147882072,0,"No charge"
"13",13,"D",0.8377269999,0,"No charge"
"14",14,"L",0.8722357389,0,"No charge"
"15",15,"P",0.9029477347,-0.2,"Negativo"
"16",16,"P",0.9212580317,0,"No charge"
"17",17,"Q",0.9301163595,-0.2,"Negativo"
"18",18,"L",0.9410807357,-0.2,"Negativo"
"19",19,"E",0.9470258634,-0.2,"Negativo"
"20",20,"S",0.9596030655,-0.2,"Negativo"
"21",21,"N",0.9722948204,-0.2,"Negativo"
"22",22,"Q",0.9817587967,0,"No charge"
"23",23,"G",0.9904645936,0.2,"Positivo"
"24",24,"A",0.9957126535,0.2,"Positivo"
"25",25,"R",0.996177911,0.2,"Positivo"
"26",26,"G",0.9968465735,0.2,"Positivo"
"27",27,"S",0.9976862187,0.2,"Positivo"
"28",28,"G",0.9981036811,0,"No charge"
"29",29,"S",0.9980931466,0,"No charge"
"30",30,"A",0.9963415612,0,"No charge"
"31",31,"N",0.9946671803,0,"No charge"
"32",32,"S",0.9937909904,0,"No charge"
"33",33,"V",0.9791516214,0,"No charge"
"34",34,"G",0.9694863441,0,"No charge"
"35",35,"S",0.957454738,0,"No charge"
"36",36,"S",0.9234292741,0,"No charge"
"37",37,"T",0.902391407,0.2,"Positivo"
"38",38,"T",0.8400955535,0.2,"Positivo"
"39",39,"R",0.8195588382,0.4,"Positivo"
"40",40,"P",0.7989699485,0.4,"Positivo"
"41",41,"K",0.7607543107,0.4,"Positivo"
"42",42,"S",0.7135050883,0.2,"Positivo"
"43",43,"P",0.6579396213,0.2,"Positivo"
"44",44,"W",0.594965221,0,"No charge"
"45",45,"M",0.5406172881,0,"No charge"
"46",46,"P",0.4904810431,0,"No charge"
"47",47,"F",0.4110416619,0,"No charge"
"48",48,"P",0.3233872272,0,"No charge"
"49",49,"T",0.2004030127,0,"No charge"
"50",50,"L",0.3565628592,0,"No charge"
