"","Num","Res","VLXT","NCPR","Charge"
"1",1,"P",0.7623741731,0,"No charge"
"2",2,"I",0.8178534442,0,"No charge"
"3",3,"P",0.779902318,-0.2,"Negativo"
"4",4,"E",0.6167274007,-0.4,"Negativo"
"5",5,"L",0.5905855502,-0.6,"Negativo"
"6",6,"D",0.5216939535,-0.6,"Negativo"
"7",7,"D",0.4913411183,-0.4,"Negativo"
"8",8,"A",0.4635069136,-0.4,"Negativo"
"9",9,"V",0.4539349897,-0.4,"Negativo"
"10",10,"V",0.4380352121,-0.2,"Negativo"
"11",11,"E",0.4418909221,-0.2,"Negativo"
"12",12,"S",0.4212515352,-0.2,"Negativo"
"13",13,"F",0.4295809156,-0.2,"Negativo"
"14",14,"F",0.4719382131,0,"No charge"
"15",15,"S",0.5056266265,0,"No charge"
"16",16,"S",0.515013852,0,"No charge"
"17",17,"S",0.543975225,-0.2,"Negativo"
"18",18,"T",0.5510114866,-0.2,"Negativo"
"19",19,"D",0.5709176691,-0.2,"Negativo"
"20",20,"S",0.5612476028,-0.2,"Negativo"
"21",21,"T",0.617360451,-0.2,"Negativo"
"22",22,"P",0.5910116133,0,"No charge"
"23",23,"M",0.5631220961,-0.2,"Negativo"
"24",24,"F",0.5451731906,-0.2,"Negativo"
"25",25,"E",0.4988873209,-0.4,"Negativo"
"26",26,"Y",0.4194468873,-0.4,"Negativo"
"27",27,"E",0.3610009699,-0.4,"Negativo"
"28",28,"N",0.3025043964,-0.4,"Negativo"
"29",29,"L",0.2461007169,-0.6,"Negativo"
"30",30,"E",0.1575375631,-0.4,"Negativo"
"31",31,"D",0.135960762,-0.4,"Negativo"
"32",32,"N",0.1119272152,-0.2,"Negativo"
"33",33,"S",0.1622154371,-0.2,"Negativo"
"34",34,"K",0.2083850161,0,"No charge"
"35",35,"E",0.2560118806,0,"No charge"
"36",36,"W",0.318421466,0,"No charge"
"37",37,"T",0.3322794741,-0.2,"Negativo"
"38",38,"S",0.3560138611,0,"No charge"
"39",39,"L",0.3819617271,-0.2,"Negativo"
"40",40,"F",0.3962001641,-0.2,"Negativo"
"41",41,"D",0.4457638813,-0.4,"Negativo"
"42",42,"N",0.4557100306,-0.4,"Negativo"
"43",43,"D",0.4503526519,-0.4,"Negativo"
"44",44,"I",0.4536884393,-0.2,"Negativo"
"45",45,"P",0.4149250436,-0.2,"Negativo"
"46",46,"V",0.4771035612,0,"No charge"
"47",47,"T",0.5798999316,-0.2,"Negativo"
"48",48,"T",0.5337467971,-0.4,"Negativo"
"49",49,"D",0.2807088901,0,"No charge"
"50",50,"D",0.7517660093,0,"No charge"
