"","Num","Res","VLXT","NCPR","Charge"
"1",1,"M",0.2922415265,0,"No charge"
"2",2,"V",0.0751873498,0,"No charge"
"3",3,"Y",0.1373233672,0.2,"Positivo"
"4",4,"K",0.1772249903,0.2,"Positivo"
"5",5,"H",0.1622405525,0.2,"Positivo"
"6",6,"A",0.1688122211,0.2,"Positivo"
"7",7,"I",0.2383946458,0,"No charge"
"8",8,"S",0.3051615729,0,"No charge"
"9",9,"T",0.3571308159,0,"No charge"
"10",10,"V",0.414200071,0,"No charge"
"11",11,"V",0.5126306709,0,"No charge"
"12",12,"P",0.6112273243,0.2,"Positivo"
"13",13,"S",0.6987609083,0.2,"Positivo"
"14",14,"R",0.7732730045,0.2,"Positivo"
"15",15,"P",0.8443379936,0.2,"Positivo"
"16",16,"V",0.8764992427,0.2,"Positivo"
"17",17,"S",0.9049673917,0,"No charge"
"18",18,"H",0.9435855713,0,"No charge"
"19",19,"H",0.9817628879,0,"No charge"
"20",20,"S",0.9818033364,0,"No charge"
"21",21,"N",0.9821091944,0,"No charge"
"22",22,"N",0.9817745666,0,"No charge"
"23",23,"A",0.9807974647,0,"No charge"
"24",24,"G",0.9792683861,0,"No charge"
"25",25,"G",0.9787622327,0,"No charge"
"26",26,"G",0.9784287653,0,"No charge"
"27",27,"T",0.9783094376,0,"No charge"
"28",28,"S",0.9812656247,0,"No charge"
"29",29,"S",0.9855749686,0,"No charge"
"30",30,"N",0.9867710452,0,"No charge"
"31",31,"Y",0.988856374,0,"No charge"
"32",32,"H",0.9903927325,0,"No charge"
"33",33,"H",0.9911749928,0,"No charge"
"34",34,"G",0.981598578,0,"No charge"
"35",35,"S",0.9595122693,0,"No charge"
"36",36,"S",0.9412999937,0,"No charge"
"37",37,"A",0.9205980219,0,"No charge"
"38",38,"Q",0.906074549,0,"No charge"
"39",39,"N",0.9031930267,0,"No charge"
"40",40,"T",0.9016515976,0,"No charge"
"41",41,"S",0.9015481866,0,"No charge"
"42",42,"A",0.9031008255,0,"No charge"
"43",43,"Q",0.9139063072,-0.2,"Negativo"
"44",44,"Q",0.9368584744,-0.2,"Negativo"
"45",45,"D",0.9560147476,-0.4,"Negativo"
"46",46,"S",0.9776483805,-0.6,"Negativo"
"47",47,"E",0.9973866355,-0.6,"Negativo"
"48",48,"E",0.9992305726,-0.6,"Negativo"
"49",49,"T",0.9999338224,0,"No charge"
"50",50,"E",0.9999925674,0,"No charge"
