"","Num","Res","VLXT","NCPR","Charge"
"1",1,"E",0.9829502427,0,"No charge"
"2",2,"E",0.9680924913,0,"No charge"
"3",3,"N",0.9870203254,-0.2,"Negativo"
"4",4,"R",0.9912374248,-0.2,"Negativo"
"5",5,"T",0.9876723111,0,"No charge"
"6",6,"E",0.9891167419,0,"No charge"
"7",7,"A",0.9893482617,-0.4,"Negativo"
"8",8,"P",0.9857649223,-0.6,"Negativo"
"9",9,"E",0.9806036187,-0.4,"Negativo"
"10",10,"E",0.9751374291,-0.6,"Negativo"
"11",11,"T",0.9691692156,-0.6,"Negativo"
"12",12,"E",0.9639472578,-0.6,"Negativo"
"13",13,"P",0.9539483248,-0.2,"Negativo"
"14",14,"E",0.9421863792,-0.4,"Negativo"
"15",15,"R",0.9279462756,-0.2,"Negativo"
"16",16,"E",0.9149577144,-0.2,"Negativo"
"17",17,"T",0.9018902129,0,"No charge"
"18",18,"P",0.8916081019,-0.2,"Negativo"
"19",19,"S",0.8871223885,0,"No charge"
"20",20,"A",0.8766936234,0,"No charge"
"21",21,"I",0.8549332406,0,"No charge"
"22",22,"N",0.8490491371,0,"No charge"
"23",23,"G",0.8530966045,0,"No charge"
"24",24,"N",0.8597549344,0,"No charge"
"25",25,"P",0.8595737995,0,"No charge"
"26",26,"S",0.856930584,0,"No charge"
"27",27,"W",0.8353442619,0,"No charge"
"28",28,"H",0.8300685096,0,"No charge"
"29",29,"L",0.8369423514,-0.2,"Negativo"
"30",30,"A",0.8565727057,-0.2,"Negativo"
"31",31,"D",0.8586830556,-0.2,"Negativo"
"32",32,"S",0.7896130184,-0.2,"Negativo"
"33",33,"P",0.7449720375,-0.2,"Negativo"
"34",34,"A",0.7445550951,0,"No charge"
"35",35,"V",0.7489357262,0,"No charge"
"36",36,"N",0.7625565866,0,"No charge"
"37",37,"G",0.7762631517,0,"No charge"
"38",38,"A",0.7837851124,0,"No charge"
"39",39,"T",0.788051265,0,"No charge"
"40",40,"G",0.8020800981,0,"No charge"
"41",41,"H",0.8735075837,0,"No charge"
"42",42,"S",0.919866238,0,"No charge"
"43",43,"S",0.9308327782,0,"No charge"
"44",44,"S",0.9376907798,-0.2,"Negativo"
"45",45,"L",0.9477245611,-0.2,"Negativo"
"46",46,"D",0.9308624354,0,"No charge"
"47",47,"A",0.9465952849,-0.2,"Negativo"
"48",48,"R",0.9145215107,-0.2,"Negativo"
"49",49,"E",0.87086157,0,"No charge"
"50",50,"V",0.8281702642,0,"No charge"
