"","Num","Res","VLXT","NCPR","Charge"
"1",1,"R",0.8506875003,0,"No charge"
"2",2,"A",0.8240847531,0,"No charge"
"3",3,"R",0.8035394891,0.4,"Positivo"
"4",4,"N",0.8091864605,0,"No charge"
"5",5,"T",0.8333389405,0,"No charge"
"6",6,"E",0.8372268266,-0.2,"Negativo"
"7",7,"A",0.8466253561,0,"No charge"
"8",8,"A",0.8542673228,0.2,"Positivo"
"9",9,"R",0.8622873688,0.4,"Positivo"
"10",10,"R",0.8742668544,0.6,"Positivo"
"11",11,"S",0.8909513708,0.6,"Positivo"
"12",12,"R",0.9076349034,0.6,"Positivo"
"13",13,"A",0.9243184359,0.6,"Positivo"
"14",14,"R",0.9410056953,0.6,"Positivo"
"15",15,"K",0.9536996427,0.4,"Positivo"
"16",16,"L",0.9638017995,0.6,"Positivo"
"17",17,"Q",0.9771913269,0.4,"Positivo"
"18",18,"R",0.9903529393,0.4,"Positivo"
"19",19,"M",0.9982746025,0.4,"Positivo"
"20",20,"K",0.990265777,0.4,"Positivo"
"21",21,"Q",0.8917814402,0,"No charge"
"22",22,"L",0.7963578222,-0.2,"Negativo"
"23",23,"E",0.7024840919,-0.2,"Negativo"
"24",24,"D",0.6078989843,-0.2,"Negativo"
"25",25,"K",0.5008035056,-0.4,"Negativo"
"26",26,"V",0.3939276572,-0.4,"Negativo"
"27",27,"E",0.292256215,-0.2,"Negativo"
"28",28,"E",0.2177597393,-0.4,"Negativo"
"29",29,"L",0.150468114,-0.4,"Negativo"
"30",30,"L",0.1515217385,0,"No charge"
"31",31,"S",0.1419595357,0.2,"Positivo"
"32",32,"K",0.1364975746,0.2,"Positivo"
"33",33,"N",0.1540525214,0.2,"Positivo"
"34",34,"Y",0.176167931,0.2,"Positivo"
"35",35,"H",0.1928219568,-0.2,"Negativo"
"36",36,"L",0.243823274,-0.2,"Negativo"
"37",37,"E",0.2653759909,-0.4,"Negativo"
"38",38,"N",0.2968363689,-0.4,"Negativo"
"39",39,"E",0.3456878903,-0.4,"Negativo"
"40",40,"V",0.4125488414,0,"No charge"
"41",41,"A",0.4984881986,0,"No charge"
"42",42,"R",0.5664343851,0.4,"Positivo"
"43",43,"L",0.6463213916,0.6,"Positivo"
"44",44,"K",0.7083076802,0.6,"Positivo"
"45",45,"K",0.7478304804,0.4,"Positivo"
"46",46,"L",0.787383446,0.4,"Positivo"
"47",47,"V",0.9537533682,0,"No charge"
"48",48,"G",0.7387031295,0,"No charge"
"49",49,"E",0.8994954635,0,"No charge"
"50",50,"R",0.8721552782,0,"No charge"
