"","Num","Res","VLXT","NCPR","Charge"
"1",1,"I",0.0222894058,0,"No charge"
"2",2,"L",0.0796883298,0,"No charge"
"3",3,"F",0.2693833988,0,"No charge"
"4",4,"K",0.3566158226,0,"No charge"
"5",5,"D",0.3460586561,-0.2,"Negativo"
"6",6,"N",0.4346754286,0,"No charge"
"7",7,"E",0.4825812139,-0.2,"Negativo"
"8",8,"K",0.5127561686,0,"No charge"
"9",9,"S",0.5296524953,0,"No charge"
"10",10,"C",0.5938733784,0.2,"Positivo"
"11",11,"Q",0.585462624,0.2,"Positivo"
"12",12,"N",0.5600374573,0,"No charge"
"13",13,"K",0.5766024656,0,"No charge"
"14",14,"E",0.5639553567,0,"No charge"
"15",15,"S",0.4953033099,0.2,"Positivo"
"16",16,"N",0.5138637281,-0.2,"Negativo"
"17",17,"K",0.505778547,-0.2,"Negativo"
"18",18,"D",0.4986161759,-0.2,"Negativo"
"19",19,"D",0.4565689197,0,"No charge"
"20",20,"T",0.4522285702,-0.4,"Negativo"
"21",21,"K",0.4687197027,-0.2,"Negativo"
"22",22,"E",0.4429407356,0.2,"Positivo"
"23",23,"A",0.4447686189,0,"No charge"
"24",24,"K",0.5018138295,-0.2,"Negativo"
"25",25,"E",0.490272997,0.2,"Positivo"
"26",26,"S",0.4734982141,0,"No charge"
"27",27,"K",0.4639040407,-0.2,"Negativo"
"28",28,"E",0.4912057646,0.2,"Positivo"
"29",29,"N",0.5460667775,0,"No charge"
"30",30,"K",0.5857238058,-0.2,"Negativo"
"31",31,"E",0.6338363715,0,"No charge"
"32",32,"V",0.6543420869,0,"No charge"
"33",33,"S",0.6691003098,-0.2,"Negativo"
"34",34,"S",0.7118259231,-0.2,"Negativo"
"35",35,"P",0.7830863242,-0.4,"Negativo"
"36",36,"D",0.8439245192,-0.4,"Negativo"
"37",37,"D",0.8697722694,-0.6,"Negativo"
"38",38,"L",0.8665785108,-0.6,"Negativo"
"39",39,"E",0.8508852299,-0.6,"Negativo"
"40",40,"L",0.8536053689,-0.4,"Negativo"
"41",41,"E",0.8562086355,-0.6,"Negativo"
"42",42,"L",0.8717300748,-0.4,"Negativo"
"43",43,"E",0.8717961891,-0.4,"Negativo"
"44",44,"N",0.8759688217,-0.4,"Negativo"
"45",45,"L",0.8848725646,-0.4,"Negativo"
"46",46,"E",0.8886050205,-0.2,"Negativo"
"47",47,"I",0.9591422174,-0.4,"Negativo"
"48",48,"N",0.9961156193,-0.6,"Negativo"
"49",49,"D",0.9855513033,0,"No charge"
"50",50,"D",0.9778822718,0,"No charge"
