"","Num","Res","VLXT","NCPR","Charge"
"1",1,"A",0.9142158004,0,"No charge"
"2",2,"R",0.8271964535,0,"No charge"
"3",3,"L",0.8344568686,0,"No charge"
"4",4,"H",0.7853847618,0,"No charge"
"5",5,"E",0.7131375428,-0.2,"Negativo"
"6",6,"A",0.6803791828,-0.2,"Negativo"
"7",7,"L",0.6252568928,-0.2,"Negativo"
"8",8,"S",0.5959366731,0,"No charge"
"9",9,"Q",0.5796684185,0,"No charge"
"10",10,"M",0.5586400287,0,"No charge"
"11",11,"W",0.5792415692,0,"No charge"
"12",12,"Q",0.6008626214,-0.2,"Negativo"
"13",13,"L",0.6365969642,-0.2,"Negativo"
"14",14,"E",0.6633019032,-0.2,"Negativo"
"15",15,"A",0.6848785188,-0.2,"Negativo"
"16",16,"A",0.7386616932,0,"No charge"
"17",17,"S",0.7663451495,0.2,"Positivo"
"18",18,"R",0.7914376746,0.2,"Positivo"
"19",19,"A",0.8150901429,0.2,"Positivo"
"20",20,"A",0.8317711119,0,"No charge"
"21",21,"I",0.8447505755,-0.2,"Negativo"
"22",22,"E",0.852912763,-0.2,"Negativo"
"23",23,"N",0.8625755613,-0.2,"Negativo"
"24",24,"G",0.8739658132,-0.4,"Negativo"
"25",25,"S",0.8908089713,-0.4,"Negativo"
"26",26,"E",0.9060087647,-0.4,"Negativo"
"27",27,"E",0.9188892766,-0.4,"Negativo"
"28",28,"G",0.9325417894,-0.4,"Negativo"
"29",29,"L",0.9409657786,-0.4,"Negativo"
"30",30,"G",0.9498064679,-0.2,"Negativo"
"31",31,"D",0.9593433166,-0.2,"Negativo"
"32",32,"S",0.9639348089,-0.4,"Negativo"
"33",33,"A",0.965893755,-0.4,"Negativo"
"34",34,"E",0.9578072591,-0.4,"Negativo"
"35",35,"V",0.9550019104,-0.6,"Negativo"
"36",36,"E",0.9541893698,-0.6,"Negativo"
"37",37,"E",0.9525484569,-0.4,"Negativo"
"38",38,"A",0.9509246051,-0.4,"Negativo"
"39",39,"P",0.9531899075,-0.4,"Negativo"
"40",40,"I",0.9518976922,-0.2,"Negativo"
"41",41,"E",0.9449099906,-0.2,"Negativo"
"42",42,"F",0.9410404317,0,"No charge"
"43",43,"P",0.9238345573,-0.2,"Negativo"
"44",44,"R",0.9193932054,0,"No charge"
"45",45,"D",0.9027962922,0,"No charge"
"46",46,"I",0.8816457878,0,"No charge"
"47",47,"T",0.8233575413,-0.4,"Negativo"
"48",48,"M",0.7955171495,-0.4,"Negativo"
"49",49,"E",0.7834134013,-0.4,"Negativo"
"50",50,"E",0.7923375196,-0.6,"Negativo"
"51",51,"T",0.8015719568,-0.6,"Negativo"
"52",52,"E",0.8256590669,-0.4,"Negativo"
"53",53,"P",0.8367473318,0,"No charge"
"54",54,"T",0.8544505433,0,"No charge"
"55",55,"R",0.876927957,0.2,"Positivo"
"56",56,"L",0.9392599906,0.2,"Positivo"
"57",57,"N",0.991098217,0.2,"Positivo"
"58",58,"P",0.9833716237,0.2,"Positivo"
"59",59,"N",0.9830111048,0,"No charge"
"60",60,"R",0.9987398773,0,"No charge"
