"","Num","Res","VLXT","NCPR","Charge"
"1",1,"Q",0.1387569144,0,"No charge"
"2",2,"I",0.2854887376,0,"No charge"
"3",3,"S",0.4026304368,0,"No charge"
"4",4,"T",0.5449920342,0,"No charge"
"5",5,"I",0.5482633929,-0.2,"Negativo"
"6",6,"A",0.6180014247,-0.2,"Negativo"
"7",7,"E",0.6896498422,-0.4,"Negativo"
"8",8,"S",0.7501085128,-0.6,"Negativo"
"9",9,"E",0.7872261369,-0.6,"Negativo"
"10",10,"D",0.8166459872,-0.4,"Negativo"
"11",11,"S",0.8445591992,-0.6,"Negativo"
"12",12,"Q",0.8778465469,-0.4,"Negativo"
"13",13,"E",0.8808350162,-0.2,"Negativo"
"14",14,"S",0.8779695298,-0.4,"Negativo"
"15",15,"V",0.887877132,-0.4,"Negativo"
"16",16,"D",0.8603752017,-0.2,"Negativo"
"17",17,"S",0.835398012,-0.2,"Negativo"
"18",18,"V",0.8199114165,-0.4,"Negativo"
"19",19,"T",0.8122889347,-0.2,"Negativo"
"20",20,"D",0.7997187334,-0.2,"Negativo"
"21",21,"S",0.8057064392,0,"No charge"
"22",22,"Q",0.8158153933,0.2,"Positivo"
"23",23,"K",0.8317768982,0.6,"Positivo"
"24",24,"R",0.8477242452,0.4,"Positivo"
"25",25,"R",0.8828719912,0.4,"Positivo"
"26",26,"E",0.9136702947,0.2,"Positivo"
"27",27,"I",0.9424915638,0,"No charge"
"28",28,"L",0.9696754554,0,"No charge"
"29",29,"S",0.9963682094,0.4,"Positivo"
"30",30,"R",0.9962385889,0.4,"Positivo"
"31",31,"R",0.9639249744,0.4,"Positivo"
"32",32,"P",0.9124239651,0.4,"Positivo"
"33",33,"S",0.8794992556,0.4,"Positivo"
"34",34,"Y",0.849409057,0.4,"Positivo"
"35",35,"R",0.8365552158,0.4,"Positivo"
"36",36,"K",0.8322002959,0.4,"Positivo"
"37",37,"I",0.8079023953,0.4,"Positivo"
"38",38,"L",0.778404867,0,"No charge"
"39",39,"N",0.7545911317,-0.2,"Negativo"
"40",40,"D",0.7646965843,-0.2,"Negativo"
"41",41,"L",0.8019560311,-0.2,"Negativo"
"42",42,"S",0.8187164394,-0.4,"Negativo"
"43",43,"S",0.8414324662,-0.2,"Negativo"
"44",44,"D",0.8497426527,-0.2,"Negativo"
"45",45,"A",0.8520430735,-0.2,"Negativo"
"46",46,"P",0.8738505063,-0.2,"Negativo"
"47",47,"G",0.9024550731,0,"No charge"
"48",48,"V",0.9281677688,0.2,"Positivo"
"49",49,"P",0.95014133,0.2,"Positivo"
"50",50,"R",0.9644666033,0,"No charge"
"51",51,"I",0.9807146186,-0.2,"Negativo"
"52",52,"E",0.9881720831,-0.4,"Negativo"
"53",53,"E",0.9928091931,-0.4,"Negativo"
"54",54,"E",0.9949660012,-0.4,"Negativo"
"55",55,"K",0.9975569193,-0.4,"Negativo"
"56",56,"S",0.9985385533,-0.4,"Negativo"
"57",57,"E",0.9999895954,-0.4,"Negativo"
"58",58,"E",0.999983494,-0.6,"Negativo"
"59",59,"E",0.9999667651,0,"No charge"
"60",60,"T",0.9998984574,0,"No charge"
