"","Num","Res","VLXT","NCPR","Charge"
"1",1,"S",0.7694177015,0,"No charge"
"2",2,"G",0.6548109857,0,"No charge"
"3",3,"V",0.7449747959,0.2,"Positivo"
"4",4,"N",0.8005868229,0.2,"Positivo"
"5",5,"K",0.7430643575,0,"No charge"
"6",6,"S",0.7603839317,0.2,"Positivo"
"7",7,"D",0.7571069281,0.4,"Positivo"
"8",8,"K",0.7446333909,0.2,"Positivo"
"9",9,"K",0.7177516443,0.2,"Positivo"
"10",10,"V",0.7051461304,0.4,"Positivo"
"11",11,"T",0.6543210689,0.2,"Positivo"
"12",12,"P",0.6180803755,-0.2,"Negativo"
"13",13,"T",0.5895181892,-0.4,"Negativo"
"14",14,"E",0.5350685141,-0.2,"Negativo"
"15",15,"E",0.5140863203,-0.4,"Negativo"
"16",16,"K",0.539645494,-0.4,"Negativo"
"17",17,"E",0.5668518954,-0.4,"Negativo"
"18",18,"Q",0.6023433018,-0.2,"Negativo"
"19",19,"E",0.6362995482,-0.4,"Negativo"
"20",20,"A",0.7124708638,-0.2,"Negativo"
"21",21,"V",0.7642587704,0,"No charge"
"22",22,"S",0.8139712024,0.2,"Positivo"
"23",23,"K",0.8746226881,0.2,"Positivo"
"24",24,"S",0.9002218839,0.2,"Positivo"
"25",25,"T",0.9127827169,0.2,"Positivo"
"26",26,"S",0.9222125181,0,"No charge"
"27",27,"P",0.932656486,0,"No charge"
"28",28,"A",0.9442323991,0,"No charge"
"29",29,"A",0.9538608202,0,"No charge"
"30",30,"N",0.9594814048,0,"No charge"
"31",31,"S",0.9568826129,-0.2,"Negativo"
"32",32,"A",0.9537885651,-0.2,"Negativo"
"33",33,"D",0.9499645623,-0.2,"Negativo"
"34",34,"T",0.9435576997,-0.2,"Negativo"
"35",35,"P",0.938577001,-0.4,"Negativo"
"36",36,"N",0.9344971295,-0.2,"Negativo"
"37",37,"E",0.9348748369,-0.2,"Negativo"
"38",38,"T",0.9370370922,0,"No charge"
"39",39,"G",0.942110032,0.2,"Positivo"
"40",40,"K",0.9536805613,0.4,"Positivo"
"41",41,"R",0.9645571146,0.4,"Positivo"
"42",42,"P",0.9720242064,0.2,"Positivo"
"43",43,"L",0.9817490543,-0.2,"Negativo"
"44",44,"E",0.9905231441,-0.6,"Negativo"
"45",45,"E",0.9976629696,-0.4,"Negativo"
"46",46,"E",0.9979545266,-0.4,"Negativo"
"47",47,"K",0.9982598804,-0.2,"Negativo"
"48",48,"P",0.9965793051,0.2,"Positivo"
"49",49,"P",0.9996090577,0,"No charge"
"50",50,"K",0.9995315506,0,"No charge"
