"","Num","Res","VLXT","NCPR","Charge"
"1",1,"L",0.7630561824,0,"No charge"
"2",2,"Q",0.5855212308,0,"No charge"
"3",3,"A",0.5859299828,0,"No charge"
"4",4,"Q",0.6976880649,0,"No charge"
"5",5,"N",0.7767325422,0,"No charge"
"6",6,"P",0.7992815821,0,"No charge"
"7",7,"L",0.8347586997,-0.2,"Negativo"
"8",8,"T",0.8693784178,-0.2,"Negativo"
"9",9,"E",0.8937909706,-0.4,"Negativo"
"10",10,"S",0.9088707793,-0.2,"Negativo"
"11",11,"E",0.9115990132,0,"No charge"
"12",12,"R",0.9076602368,0.2,"Positivo"
"13",13,"R",0.9023016095,0.2,"Positivo"
"14",14,"S",0.8942689785,0.2,"Positivo"
"15",15,"M",0.8833274275,-0.2,"Negativo"
"16",16,"E",0.879665373,-0.4,"Negativo"
"17",17,"D",0.8765418517,-0.4,"Negativo"
"18",18,"Q",0.8712079311,-0.6,"Negativo"
"19",19,"I",0.8647072553,-0.2,"Negativo"
"20",20,"E",0.8588196634,0,"No charge"
"21",21,"R",0.848731909,0.2,"Positivo"
"22",22,"L",0.8401504572,0.2,"Positivo"
"23",23,"K",0.8309534351,0.2,"Positivo"
"24",24,"N",0.8228029833,0.2,"Positivo"
"25",25,"E",0.8139661607,0,"No charge"
"26",26,"K",0.810178904,-0.2,"Negativo"
"27",27,"E",0.8080572424,-0.2,"Negativo"
"28",28,"G",0.7923798816,0,"No charge"
"29",29,"L",0.7637555324,-0.2,"Negativo"
"30",30,"L",0.7619603492,-0.2,"Negativo"
"31",31,"A",0.7569155048,-0.2,"Negativo"
"32",32,"E",0.7531805919,-0.2,"Negativo"
"33",33,"L",0.7560207998,-0.2,"Negativo"
"34",34,"Q",0.7579421803,-0.2,"Negativo"
"35",35,"N",0.7645765458,-0.2,"Negativo"
"36",36,"Q",0.7679770594,-0.2,"Negativo"
"37",37,"E",0.7845117297,-0.4,"Negativo"
"38",38,"Q",0.8116159034,-0.2,"Negativo"
"39",39,"E",0.7892620462,0,"No charge"
"40",40,"R",0.7524936295,0,"No charge"
"41",41,"K",0.7023042456,0,"No charge"
"42",42,"E",0.6407169722,0,"No charge"
"43",43,"F",0.5836107294,-0.2,"Negativo"
"44",44,"E",0.5111314647,-0.4,"Negativo"
"45",45,"L",0.4464431422,-0.2,"Negativo"
"46",46,"Q",0.3810059759,-0.2,"Negativo"
"47",47,"V",0.322544947,0,"No charge"
"48",48,"T",0.2855308762,0,"No charge"
"49",49,"T",0.2987105197,0.2,"Positivo"
"50",50,"L",0.2519929674,0,"No charge"
"51",51,"K",0.2615808729,0,"No charge"
"52",52,"D",0.2371788054,0,"No charge"
