"","Num","Res","VLXT","NCPR","Charge"
"1",1,"L",0.8703438786,0,"No charge"
"2",2,"D",0.8819944084,0,"No charge"
"3",3,"G",0.7958856811,-0.2,"Negativo"
"4",4,"L",0.7469605428,-0.2,"Negativo"
"5",5,"H",0.6080798616,-0.2,"Negativo"
"6",6,"N",0.5254986124,-0.2,"Negativo"
"7",7,"E",0.4404873006,-0.2,"Negativo"
"8",8,"L",0.3710547839,-0.2,"Negativo"
"9",9,"Q",0.2934880691,-0.2,"Negativo"
"10",10,"T",0.219453751,0,"No charge"
"11",11,"I",0.1699392845,0,"No charge"
"12",12,"G",0.1224042282,0,"No charge"
"13",13,"F",0.1034447063,0,"No charge"
"14",14,"Q",0.0777642785,-0.2,"Negativo"
"15",15,"I",0.0644333014,-0.2,"Negativo"
"16",16,"E",0.0521929034,-0.2,"Negativo"
"17",17,"T",0.0344424097,-0.2,"Negativo"
"18",18,"I",0.0314878994,0,"No charge"
"19",19,"G",0.0270992102,0.4,"Positivo"
"20",20,"K",0.064814048,0.4,"Positivo"
"21",21,"K",0.0817393686,0.4,"Positivo"
"22",22,"V",0.1303770773,0.4,"Positivo"
"23",23,"S",0.2058891782,0.4,"Positivo"
"24",24,"S",0.2093868273,0.4,"Positivo"
"25",25,"K",0.2163102722,0.4,"Positivo"
"26",26,"R",0.2198593479,0.4,"Positivo"
"27",27,"I",0.2226413477,0.4,"Positivo"
"28",28,"P",0.2669053853,0.2,"Positivo"
"29",29,"Y",0.2981197893,0,"No charge"
"30",30,"A",0.3491336448,0,"No charge"
"31",31,"P",0.3625521479,0,"No charge"
"32",32,"S",0.3510316761,-0.2,"Negativo"
"33",33,"G",0.387821501,-0.2,"Negativo"
"34",34,"E",0.4280782778,-0.2,"Negativo"
"35",35,"I",0.4745718104,0,"No charge"
"36",36,"P",0.5155843326,0,"No charge"
"37",37,"K",0.5723616526,0.2,"Positivo"
"38",38,"F",0.5932476775,0.2,"Positivo"
"39",39,"S",0.6206243562,0.2,"Positivo"
"40",40,"L",0.6620441047,-0.2,"Negativo"
"41",41,"Q",0.7014666834,-0.2,"Negativo"
"42",42,"D",0.7708755363,-0.2,"Negativo"
"43",43,"P",0.8337353172,-0.2,"Negativo"
"44",44,"P",0.8932603395,0,"No charge"
"45",45,"N",0.9566313075,0.4,"Positivo"
"46",46,"K",0.9540095043,0.4,"Positivo"
"47",47,"K",0.9970890429,0.6,"Positivo"
"48",48,"P",0.9973472637,0.6,"Positivo"
"49",49,"K",0.9867589265,0,"No charge"
"50",50,"V",0.9080455067,0,"No charge"
