"","Num","Res","VLXT","NCPR","Charge"
"1",1,"E",0.0963929649,0,"No charge"
"2",2,"F",0.1857784235,0,"No charge"
"3",3,"C",0.2749675569,-0.2,"Negativo"
"4",4,"I",0.3123503744,0,"No charge"
"5",5,"P",0.2904908594,0,"No charge"
"6",6,"T",0.3768448931,0,"No charge"
"7",7,"S",0.4237666483,0,"No charge"
"8",8,"S",0.4420857142,0,"No charge"
"9",9,"T",0.4672011889,-0.2,"Negativo"
"10",10,"I",0.5208893832,-0.2,"Negativo"
"11",11,"E",0.5814638271,-0.2,"Negativo"
"12",12,"Q",0.6378862487,-0.2,"Negativo"
"13",13,"Q",0.6776952494,-0.2,"Negativo"
"14",14,"N",0.6882055575,0,"No charge"
"15",15,"S",0.672467577,0.2,"Positivo"
"16",16,"A",0.6861030937,0.2,"Positivo"
"17",17,"R",0.7240449781,0.4,"Positivo"
"18",18,"I",0.7553317721,0.4,"Positivo"
"19",19,"R",0.7453975094,0.4,"Positivo"
"20",20,"Q",0.7054381162,0.2,"Positivo"
"21",21,"N",0.6655924092,0.4,"Positivo"
"22",22,"T",0.6179889764,0,"No charge"
"23",23,"R",0.5692487931,0,"No charge"
"24",24,"E",0.5298712243,0,"No charge"
"25",25,"H",0.4899618183,0,"No charge"
"26",26,"P",0.48267864,-0.2,"Negativo"
"27",27,"S",0.4701175353,0,"No charge"
"28",28,"T",0.4840754319,0,"No charge"
"29",29,"A",0.5244753832,0,"No charge"
"30",30,"N",0.5677423282,0,"No charge"
"31",31,"T",0.6147918995,-0.2,"Negativo"
"32",32,"V",0.6692883478,0,"No charge"
"33",33,"D",0.6916810965,0,"No charge"
"34",34,"R",0.7457852759,0,"No charge"
"35",35,"T",0.7485101656,0,"No charge"
"36",36,"N",0.7610652936,0.2,"Positivo"
"37",37,"H",0.7795658739,0,"No charge"
"38",38,"Q",0.779012318,-0.2,"Negativo"
"39",39,"L",0.771011344,-0.2,"Negativo"
"40",40,"E",0.7518718388,-0.2,"Negativo"
"41",41,"N",0.7612026083,-0.4,"Negativo"
"42",42,"L",0.787361888,-0.4,"Negativo"
"43",43,"E",0.7910481706,-0.4,"Negativo"
"44",44,"A",0.8170755575,-0.4,"Negativo"
"45",45,"E",0.8317937362,-0.4,"Negativo"
"46",46,"T",0.8473356775,-0.2,"Negativo"
"47",47,"A",0.8917233739,-0.2,"Negativo"
"48",48,"P",0.9745379948,0,"No charge"
"49",49,"L",0.9523806102,0,"No charge"
"50",50,"P",0.9665273599,0,"No charge"
