"","Num","Res","VLXT","NCPR","Charge"
"1",1,"V",0.6124681287,0,"No charge"
"2",2,"E",0.7518984425,0,"No charge"
"3",3,"K",0.737477328,0,"No charge"
"4",4,"L",0.7347016161,-0.2,"Negativo"
"5",5,"T",0.7523282883,-0.2,"Negativo"
"6",6,"E",0.7878906059,-0.4,"Negativo"
"7",7,"E",0.8034337893,-0.2,"Negativo"
"8",8,"N",0.8231704682,0,"No charge"
"9",9,"R",0.8381671415,0.2,"Positivo"
"10",10,"R",0.8502720371,0.2,"Positivo"
"11",11,"L",0.8797258684,0.4,"Positivo"
"12",12,"E",0.8846580675,0,"No charge"
"13",13,"K",0.8966583686,-0.2,"Negativo"
"14",14,"E",0.9064741443,-0.2,"Negativo"
"15",15,"A",0.9101404987,-0.2,"Negativo"
"16",16,"A",0.9098145099,-0.4,"Negativo"
"17",17,"E",0.8957214582,0,"No charge"
"18",18,"L",0.8898882264,0,"No charge"
"19",19,"R",0.8877963626,0,"No charge"
"20",20,"A",0.8894674083,0.4,"Positivo"
"21",21,"L",0.8919471573,0.4,"Positivo"
"22",22,"K",0.8908136222,0.2,"Positivo"
"23",23,"L",0.8809017493,0.2,"Positivo"
"24",24,"S",0.8616828398,0.4,"Positivo"
"25",25,"P",0.8639258078,0.2,"Positivo"
"26",26,"R",0.8625668831,0.2,"Positivo"
"27",27,"L",0.8716471682,0.2,"Positivo"
"28",28,"Y",0.8872093346,0.2,"Positivo"
"29",29,"G",0.8882278388,0,"No charge"
"30",30,"Q",0.8884502524,0,"No charge"
"31",31,"M",0.8742422304,0,"No charge"
"32",32,"S",0.8337885684,0,"No charge"
"33",33,"P",0.8153959197,0,"No charge"
"34",34,"P",0.8080245394,0,"No charge"
"35",35,"T",0.8267687547,0,"No charge"
"36",36,"T",0.833718372,0,"No charge"
"37",37,"L",0.834919638,0,"No charge"
"38",38,"L",0.8451489212,0,"No charge"
"39",39,"M",0.848213398,0,"No charge"
"40",40,"C",0.8461091592,0,"No charge"
"41",41,"P",0.8497212932,0,"No charge"
"42",42,"S",0.8448111658,-0.2,"Negativo"
"43",43,"C",0.8054254588,0,"No charge"
"44",44,"E",0.7869652636,0,"No charge"
"45",45,"R",0.7811278938,0,"No charge"
"46",46,"V",0.7737493104,0,"No charge"
"47",47,"A",0.7660996081,0.2,"Positivo"
"48",48,"G",0.7669888706,0,"No charge"
"49",49,"P",0.7891117513,0,"No charge"
"50",50,"S",0.8311071907,0,"No charge"
"51",51,"S",0.8704871759,0,"No charge"
"52",52,"S",0.8920123247,0,"No charge"
"53",53,"N",0.8660722788,0,"No charge"
"54",54,"H",0.8089308077,0,"No charge"
"55",55,"N",0.7483626046,0.2,"Positivo"
"56",56,"Q",0.7293939431,0.2,"Positivo"
"57",57,"R",0.7159868715,0.2,"Positivo"
"58",58,"S",0.3946321419,0.2,"Positivo"
"59",59,"V",0.3639186751,0.2,"Positivo"
"60",60,"S",0.7457015629,0,"No charge"
"61",61,"L",0.8597851843,0,"No charge"
