"","Num","Res","VLXT","NCPR","Charge"
"1",1,"I",0.3413784978,0,"No charge"
"2",2,"L",0.4024391595,0,"No charge"
"3",3,"L",0.3585084062,0.2,"Positivo"
"4",4,"K",0.3869803036,0.4,"Positivo"
"5",5,"G",0.4445924254,0.6,"Positivo"
"6",6,"K",0.4794828946,0.6,"Positivo"
"7",7,"K",0.4727475749,0.4,"Positivo"
"8",8,"L",0.4742953962,0.4,"Positivo"
"9",9,"G",0.4714645785,0.2,"Positivo"
"10",10,"G",0.4825677032,0,"No charge"
"11",11,"L",0.5052236945,0,"No charge"
"12",12,"L",0.5240501369,0,"No charge"
"13",13,"P",0.5537035717,0,"No charge"
"14",14,"A",0.5790402193,0,"No charge"
"15",15,"G",0.6069925219,-0.2,"Negativo"
"16",16,"G",0.6732748806,-0.2,"Negativo"
"17",17,"E",0.7357016036,-0.2,"Negativo"
"18",18,"N",0.8010715532,-0.2,"Negativo"
"19",19,"G",0.8532300803,-0.4,"Negativo"
"20",20,"S",0.896288852,-0.2,"Negativo"
"21",21,"E",0.9367703452,-0.2,"Negativo"
"22",22,"A",0.9529688584,-0.4,"Negativo"
"23",23,"T",0.964115774,-0.4,"Negativo"
"24",24,"D",0.9741838528,-0.2,"Negativo"
"25",25,"V",0.9806791413,-0.4,"Negativo"
"26",26,"S",0.9865307096,-0.6,"Negativo"
"27",27,"D",0.9906541462,-0.4,"Negativo"
"28",28,"E",0.988871552,-0.6,"Negativo"
"29",29,"V",0.9871915487,-0.6,"Negativo"
"30",30,"E",0.9840480501,-0.4,"Negativo"
"31",31,"A",0.9732647785,-0.4,"Negativo"
"32",32,"A",0.9618417831,-0.4,"Negativo"
"33",33,"E",0.9516757782,-0.4,"Negativo"
"34",34,"M",0.9352845518,-0.6,"Negativo"
"35",35,"E",0.9199907353,-0.8,"Negativo"
"36",36,"D",0.9092760056,-0.6,"Negativo"
"37",37,"E",0.8938956513,-0.6,"Negativo"
"38",38,"A",0.876793944,-0.2,"Negativo"
"39",39,"V",0.8521024912,0,"No charge"
"40",40,"R",0.8468223885,0.2,"Positivo"
"41",41,"S",0.8455313163,0.2,"Positivo"
"42",42,"Q",0.8458247267,0.2,"Positivo"
"43",43,"V",0.8317392335,0,"No charge"
"44",44,"Q",0.8095478878,0.2,"Positivo"
"45",45,"H",0.7812219471,0.2,"Positivo"
"46",46,"K",0.7570833645,0.4,"Positivo"
"47",47,"P",0.7699829703,0.2,"Positivo"
"48",48,"K",0.7924533424,0,"No charge"
"49",49,"E",0.7689155946,0,"No charge"
"50",50,"D",0.7391764972,0,"No charge"
"51",51,"K",0.6946127587,0,"No charge"
"52",52,"L",0.6615843874,0.2,"Positivo"
"53",53,"K",0.6328227875,0.4,"Positivo"
"54",54,"L",0.6240694225,0.2,"Positivo"
"55",55,"V",0.5076491561,0,"No charge"
"56",56,"P",0.425274289,-0.2,"Negativo"
"57",57,"E",0.3907225609,0,"No charge"
"58",58,"L",0.5567971005,0,"No charge"
