"","Num","Res","VLXT","NCPR","Charge"
"1",1,"A",0.8400488649,0,"No charge"
"2",2,"D",0.7066674145,0,"No charge"
"3",3,"L",0.7634337611,0.2,"Positivo"
"4",4,"K",0.7743456288,0,"No charge"
"5",5,"K",0.8300789645,0.2,"Positivo"
"6",6,"E",0.844284678,0.2,"Positivo"
"7",7,"L",0.8668566594,0,"No charge"
"8",8,"S",0.8838631286,-0.2,"Negativo"
"9",9,"G",0.8857885804,0,"No charge"
"10",10,"S",0.8886569877,0.2,"Positivo"
"11",11,"S",0.8722499519,0.4,"Positivo"
"12",12,"K",0.8766280165,0.4,"Positivo"
"13",13,"K",0.8840136866,0.2,"Positivo"
"14",14,"G",0.888047011,0.2,"Positivo"
"15",15,"E",0.88997671,0,"No charge"
"16",16,"L",0.8992813251,-0.2,"Negativo"
"17",17,"P",0.8643454288,-0.2,"Negativo"
"18",18,"P",0.8447559353,0.2,"Positivo"
"19",19,"G",0.8268974814,0.2,"Positivo"
"20",20,"R",0.8157684949,0.2,"Positivo"
"21",21,"S",0.7972214696,0.2,"Positivo"
"22",22,"T",0.746608324,0.2,"Positivo"
"23",23,"V",0.7194761879,0,"No charge"
"24",24,"A",0.6884346455,0,"No charge"
"25",25,"A",0.664674566,0,"No charge"
"26",26,"S",0.6815160517,0.2,"Positivo"
"27",27,"T",0.6951999198,0.2,"Positivo"
"28",28,"R",0.7011536445,0.2,"Positivo"
"29",29,"Y",0.7123944871,0.2,"Positivo"
"30",30,"P",0.7168344164,0.4,"Positivo"
"31",31,"F",0.7453412349,0,"No charge"
"32",32,"K",0.7533533188,0,"No charge"
"33",33,"D",0.7753384339,-0.2,"Negativo"
"34",34,"S",0.7887689817,-0.2,"Negativo"
"35",35,"E",0.7968462468,-0.6,"Negativo"
"36",36,"I",0.8127382972,-0.4,"Negativo"
"37",37,"E",0.8395557174,-0.6,"Negativo"
"38",38,"N",0.8716925221,-0.4,"Negativo"
"39",39,"E",0.8930426227,-0.4,"Negativo"
"40",40,"L",0.9180045537,-0.4,"Negativo"
"41",41,"N",0.9290056483,-0.4,"Negativo"
"42",42,"E",0.9380419265,0,"No charge"
"43",43,"L",0.9473064435,0.2,"Positivo"
"44",44,"R",0.9628557796,0.4,"Positivo"
"45",45,"R",0.975720905,0.6,"Positivo"
"46",46,"K",0.9734102642,0.6,"Positivo"
"47",47,"A",0.9839716502,0.2,"Positivo"
"48",48,"N",0.966281699,0,"No charge"
"49",49,"D",0.9973386503,0,"No charge"
"50",50,"F",0.9539415485,0,"No charge"
