"","Num","Res","VLXT","NCPR","Charge"
"1",1,"T",0.781970056,0,"No charge"
"2",2,"T",0.4957981299,0,"No charge"
"3",3,"M",0.5313129842,0,"No charge"
"4",4,"Q",0.5938217409,0,"No charge"
"5",5,"S",0.6650577978,0,"No charge"
"6",6,"L",0.6636800183,0,"No charge"
"7",7,"C",0.6894426359,0,"No charge"
"8",8,"G",0.7034322718,0,"No charge"
"9",9,"S",0.7320881188,0,"No charge"
"10",10,"S",0.7461408256,0,"No charge"
"11",11,"S",0.7766692242,0,"No charge"
"12",12,"S",0.7986268098,0,"No charge"
"13",13,"T",0.8238745529,0,"No charge"
"14",14,"S",0.8545595145,0,"No charge"
"15",15,"S",0.8798996704,0,"No charge"
"16",16,"Y",0.9097619704,0,"No charge"
"17",17,"Y",0.9452719199,0,"No charge"
"18",18,"P",0.9545155094,0,"No charge"
"19",19,"L",0.9684299742,0,"No charge"
"20",20,"A",0.9520962981,0,"No charge"
"21",21,"I",0.9309382938,0,"No charge"
"22",22,"S",0.8973326613,0,"No charge"
"23",23,"G",0.8627158047,0,"No charge"
"24",24,"I",0.8128343788,-0.2,"Negativo"
"25",25,"G",0.7460083292,-0.2,"Negativo"
"26",26,"E",0.6800127044,-0.2,"Negativo"
"27",27,"T",0.6184559285,-0.2,"Negativo"
"28",28,"M",0.6012564137,-0.2,"Negativo"
"29",29,"A",0.5895836933,-0.2,"Negativo"
"30",30,"Q",0.59351474,0,"No charge"
"31",31,"D",0.6059292867,0,"No charge"
"32",32,"R",0.612517382,0,"No charge"
"33",33,"A",0.6518277162,0,"No charge"
"34",34,"L",0.7183755511,0.2,"Positivo"
"35",35,"A",0.7841269016,0,"No charge"
"36",36,"A",0.8527127986,0.2,"Positivo"
"37",37,"L",0.8805382968,0.2,"Positivo"
"38",38,"R",0.9109829897,0.2,"Positivo"
"39",39,"N",0.9304018938,0.4,"Positivo"
"40",40,"H",0.9503289519,0.2,"Positivo"
"41",41,"K",0.975262116,0,"No charge"
"42",42,"E",0.9844355553,-0.2,"Negativo"
"43",43,"A",0.9850758203,0,"No charge"
"44",44,"E",0.9878610114,0,"No charge"
"45",45,"R",0.9880139822,0.4,"Positivo"
"46",46,"R",0.9880314374,0.6,"Positivo"
"47",47,"R",0.9874451568,0.6,"Positivo"
"48",48,"R",0.9863364541,0.6,"Positivo"
"49",49,"E",0.9569966163,0.4,"Positivo"
"50",50,"R",0.9276567786,0.2,"Positivo"
"51",51,"I",0.8728449084,0,"No charge"
"52",52,"N",0.7978106242,0.2,"Positivo"
"53",53,"S",0.734119597,0,"No charge"
"54",54,"H",0.6609929342,0,"No charge"
"55",55,"L",0.5714221133,0.2,"Positivo"
"56",56,"N",0.3243722831,0.2,"Positivo"
"57",57,"K",0.4264582583,0.4,"Positivo"
"58",58,"L",0.3414155325,0,"No charge"
"59",59,"R",0.192193839,0,"No charge"
