"","Num","Res","VLXT","NCPR","Charge"
"1",1,"M",0.9883134671,0,"No charge"
"2",2,"E",0.9764889012,0,"No charge"
"3",3,"S",0.9585506215,-0.2,"Negativo"
"4",4,"N",0.9533523859,-0.2,"Negativo"
"5",5,"Q",0.9340259952,0,"No charge"
"6",6,"S",0.9167776784,0,"No charge"
"7",7,"N",0.9008522181,0,"No charge"
"8",8,"N",0.876963443,0,"No charge"
"9",9,"G",0.8605429994,0,"No charge"
"10",10,"G",0.8488854752,0,"No charge"
"11",11,"S",0.853138328,0,"No charge"
"12",12,"G",0.858763111,0,"No charge"
"13",13,"N",0.8682863856,0,"No charge"
"14",14,"A",0.8835876074,0,"No charge"
"15",15,"A",0.8979081598,0,"No charge"
"16",16,"L",0.9122196963,0.2,"Positivo"
"17",17,"N",0.9239110528,0.2,"Positivo"
"18",18,"R",0.9242563118,0.2,"Positivo"
"19",19,"G",0.9204290674,0.4,"Positivo"
"20",20,"G",0.9002609924,0.4,"Positivo"
"21",21,"R",0.8808494288,0.2,"Positivo"
"22",22,"Y",0.8648690673,0.2,"Positivo"
"23",23,"V",0.8590780601,0.2,"Positivo"
"24",24,"P",0.8525240906,0,"No charge"
"25",25,"P",0.8542100788,0,"No charge"
"26",26,"H",0.8678857152,0.2,"Positivo"
"27",27,"L",0.8860166994,0.2,"Positivo"
"28",28,"R",0.9063530758,0.2,"Positivo"
"29",29,"G",0.9248104874,0,"No charge"
"30",30,"G",0.9367162081,0,"No charge"
"31",31,"D",0.9055828002,-0.2,"Negativo"
"32",32,"G",0.8408475073,-0.2,"Negativo"
"33",33,"G",0.8110253597,-0.2,"Negativo"
"34",34,"A",0.7818325127,0,"No charge"
"35",35,"A",0.7665340404,0,"No charge"
"36",36,"A",0.7520052356,0,"No charge"
"37",37,"A",0.7525606089,0,"No charge"
"38",38,"A",0.7545872737,0,"No charge"
"39",39,"S",0.763260017,0,"No charge"
"40",40,"A",0.8149718889,0,"No charge"
"41",41,"G",0.8906651681,-0.2,"Negativo"
"42",42,"G",0.9312183997,-0.4,"Negativo"
"43",43,"D",0.9629274415,-0.2,"Negativo"
"44",44,"D",0.9813434578,0,"No charge"
"45",45,"R",0.9989761143,0,"No charge"
"46",46,"R",0.9992805684,0.2,"Positivo"
"47",47,"G",0.9997832343,0.4,"Positivo"
"48",48,"G",0.9999124785,0.2,"Positivo"
"49",49,"A",0.9997892479,0,"No charge"
"50",50,"G",0.9994415593,0,"No charge"
