"","Num","Res","VLXT","NCPR","Charge"
"1",1,"K",0.9874303833,0,"No charge"
"2",2,"K",0.9932332269,0,"No charge"
"3",3,"A",0.9934418777,0.4,"Positivo"
"4",4,"M",0.9954153259,0,"No charge"
"5",5,"S",0.9921569292,-0.4,"Negativo"
"6",6,"D",0.9915407076,-0.6,"Negativo"
"7",7,"D",0.9794928056,-0.6,"Negativo"
"8",8,"E",0.9705995682,-0.4,"Negativo"
"9",9,"P",0.9605829238,-0.2,"Negativo"
"10",10,"K",0.9501963817,-0.2,"Negativo"
"11",11,"Q",0.9264029541,0.2,"Positivo"
"12",12,"D",0.8950996139,0.2,"Positivo"
"13",13,"K",0.8637962738,0,"No charge"
"14",14,"T",0.8026453169,0,"No charge"
"15",15,"S",0.7220265702,0,"No charge"
"16",16,"Q",0.6397217921,-0.2,"Negativo"
"17",17,"D",0.5809364383,-0.4,"Negativo"
"18",18,"A",0.5203326224,-0.4,"Negativo"
"19",19,"D",0.437740455,-0.4,"Negativo"
"20",20,"F",0.3857310146,-0.2,"Negativo"
"21",21,"T",0.3827300754,0,"No charge"
"22",22,"A",0.3745852368,0.2,"Positivo"
"23",23,"K",0.3947086198,0.2,"Positivo"
"24",24,"T",0.3901480952,0.2,"Positivo"
"25",25,"I",0.3977922945,0,"No charge"
"26",26,"A",0.3846426985,0,"No charge"
"27",27,"D",0.4184903399,0,"No charge"
"28",28,"K",0.4751322116,0,"No charge"
"29",29,"Q",0.4894190646,-0.2,"Negativo"
"30",30,"A",0.5124025382,0,"No charge"
"31",31,"D",0.5384173125,-0.2,"Negativo"
"32",32,"T",0.5698906391,-0.2,"Negativo"
"33",33,"N",0.6472376898,-0.4,"Negativo"
"34",34,"Q",0.7210825982,-0.2,"Negativo"
"35",35,"E",0.7924987063,-0.2,"Negativo"
"36",36,"Q",0.8191516197,0,"No charge"
"37",37,"A",0.8525108542,0,"No charge"
"38",38,"K",0.9129662759,0,"No charge"
"39",39,"T",0.9247673375,-0.2,"Negativo"
"40",40,"E",0.9384365103,-0.2,"Negativo"
"41",41,"D",0.9449352285,-0.2,"Negativo"
"42",42,"A",0.9437948085,0,"No charge"
"43",43,"K",0.9318373474,0.2,"Positivo"
"44",44,"R",0.9154518378,0.2,"Positivo"
"45",45,"H",0.8963527868,0.4,"Positivo"
"46",46,"D",0.8731393302,0,"No charge"
"47",47,"K",0.7698439262,-0.2,"Negativo"
"48",48,"E",0.7612635793,-0.2,"Negativo"
"49",49,"Q",0.7324447173,0,"No charge"
"50",50,"V",0.7578136084,0,"No charge"
