"","Num","Res","VLXT","NCPR","Charge"
"1",1,"M",0.9593697985,0,"No charge"
"2",2,"R",0.9557291889,0,"No charge"
"3",3,"V",0.9561731754,0.4,"Positivo"
"4",4,"K",0.9401256856,0.4,"Positivo"
"5",5,"G",0.9456141076,0.2,"Positivo"
"6",6,"P",0.941623284,0.2,"Positivo"
"7",7,"S",0.9375947685,0.2,"Positivo"
"8",8,"S",0.9277006421,0.4,"Positivo"
"9",9,"R",0.9102941801,0.6,"Positivo"
"10",10,"R",0.8918806299,0.8,"Positivo"
"11",11,"K",0.89863669,1,"Positivo"
"12",12,"K",0.9074046937,1,"Positivo"
"13",13,"K",0.9137888363,0.8,"Positivo"
"14",14,"K",0.9144351075,0.6,"Positivo"
"15",15,"I",0.9217827388,0.6,"Positivo"
"16",16,"L",0.9172759192,0.4,"Positivo"
"17",17,"K",0.9185853788,0.2,"Positivo"
"18",18,"L",0.9408545337,0.4,"Positivo"
"19",19,"A",0.9671147138,0.4,"Positivo"
"20",20,"K",0.9671662419,0.2,"Positivo"
"21",21,"G",0.9675613821,0.4,"Positivo"
"22",22,"Y",0.9681160641,0.4,"Positivo"
"23",23,"R",0.9692512269,0.2,"Positivo"
"24",24,"G",0.9703055288,0.4,"Positivo"
"25",25,"Q",0.9837323146,0.4,"Positivo"
"26",26,"R",0.9971591004,0.4,"Positivo"
"27",27,"S",0.9987149332,0.4,"Positivo"
"28",28,"R",0.9988009489,0.4,"Positivo"
"29",29,"S",0.9988869646,0.4,"Positivo"
"30",30,"Y",0.9934733618,0.6,"Positivo"
"31",31,"R",0.981340129,0.4,"Positivo"
"32",32,"R",0.9808582871,0.6,"Positivo"
"33",33,"A",0.9665555214,0.4,"Positivo"
"34",34,"K",0.9660573376,0.2,"Positivo"
"35",35,"E",0.9647579541,0,"No charge"
"36",36,"A",0.9631012907,0,"No charge"
"37",37,"V",0.9633748928,0,"No charge"
"38",38,"M",0.9635958027,0.2,"Positivo"
"39",39,"R",0.96894128,0.2,"Positivo"
"40",40,"A",0.9809817295,0.2,"Positivo"
"41",41,"L",0.9777681214,0.2,"Positivo"
"42",42,"Y",0.980095287,0,"No charge"
"43",43,"Y",0.9762713178,0,"No charge"
"44",44,"Q",0.9773906665,0.2,"Positivo"
"45",45,"Y",0.9792368199,0,"No charge"
"46",46,"R",0.9791061385,0.2,"Positivo"
"47",47,"D",0.9791871714,0.4,"Positivo"
"48",48,"R",0.9792682044,0.4,"Positivo"
"49",49,"K",0.9792696544,0.4,"Positivo"
"50",50,"L",0.9819303344,0.8,"Positivo"
"51",51,"R",0.9930097186,0.8,"Positivo"
"52",52,"K",0.9971421677,0.4,"Positivo"
"53",53,"R",0.9961084165,0.4,"Positivo"
"54",54,"E",0.9953021903,0.4,"Positivo"
"55",55,"F",0.9795193815,0.4,"Positivo"
"56",56,"R",0.9980449102,0.2,"Positivo"
"57",57,"R",0.9888281727,0.4,"Positivo"
"58",58,"L",0.9923417904,0,"No charge"
"59",59,"W",0.8563548573,0,"No charge"
