"","Num","Res","VLXT","NCPR","Charge"
"1",1,"H",0.9797234995,0,"No charge"
"2",2,"S",0.958556335,0,"No charge"
"3",3,"S",0.9198658636,0.2,"Positivo"
"4",4,"R",0.6250411813,0.2,"Positivo"
"5",5,"P",0.7639388184,0.2,"Positivo"
"6",6,"S",0.7351955912,0.2,"Positivo"
"7",7,"Q",0.7237805586,0,"No charge"
"8",8,"N",0.7128720929,0,"No charge"
"9",9,"I",0.7346197089,0,"No charge"
"10",10,"A",0.7565493751,0,"No charge"
"11",11,"A",0.7949674907,0,"No charge"
"12",12,"G",0.8110681322,-0.2,"Negativo"
"13",13,"L",0.8428103007,-0.2,"Negativo"
"14",14,"E",0.834122863,-0.2,"Negativo"
"15",15,"S",0.8267073685,-0.4,"Negativo"
"16",16,"P",0.8203371537,-0.4,"Negativo"
"17",17,"D",0.8211859207,-0.2,"Negativo"
"18",18,"Q",0.8251511643,-0.2,"Negativo"
"19",19,"Q",0.8325056788,-0.2,"Negativo"
"20",20,"A",0.8246339057,0,"No charge"
"21",21,"G",0.8197135868,0,"No charge"
"22",22,"A",0.8201246562,0,"No charge"
"23",23,"Q",0.854527796,0,"No charge"
"24",24,"I",0.8812484009,0,"No charge"
"25",25,"L",0.8955805902,0,"No charge"
"26",26,"G",0.9078656561,0,"No charge"
"27",27,"Q",0.9132153119,0,"No charge"
"28",28,"C",0.9138008445,0,"No charge"
"29",29,"G",0.9095031419,0,"No charge"
"30",30,"T",0.9063628657,0,"No charge"
"31",31,"G",0.9041456081,0,"No charge"
"32",32,"G",0.9065284507,-0.2,"Negativo"
"33",33,"S",0.9150159521,-0.4,"Negativo"
"34",34,"D",0.9199388623,-0.4,"Negativo"
"35",35,"E",0.9254760058,-0.4,"Negativo"
"36",36,"P",0.9341688381,-0.6,"Negativo"
"37",37,"S",0.9454209289,-0.4,"Negativo"
"38",38,"E",0.9598633011,-0.2,"Negativo"
"39",39,"P",0.9731418816,0,"No charge"
"40",40,"S",0.9827753044,0,"No charge"
"41",41,"R",0.9903613682,0,"No charge"
"42",42,"A",0.9933486506,-0.2,"Negativo"
"43",43,"E",0.9959828382,-0.2,"Negativo"
"44",44,"D",0.9968854167,-0.4,"Negativo"
"45",45,"P",0.9983156855,-0.4,"Negativo"
"46",46,"G",0.9975778547,-0.2,"Negativo"
"47",47,"P",0.9954926914,0,"No charge"
"48",48,"G",0.9978516672,0,"No charge"
"49",49,"P",0.9957117285,0,"No charge"
"50",50,"W",0.9932529451,0,"No charge"
