"","Num","Res","VLXT","NCPR","Charge"
"1",1,"M",0.9762107468,0,"No charge"
"2",2,"M",0.8763732077,0,"No charge"
"3",3,"L",0.8433761956,0.2,"Positivo"
"4",4,"T",0.6385540549,0.2,"Positivo"
"5",5,"K",0.6778114842,0.2,"Positivo"
"6",6,"S",0.6268541421,0.2,"Positivo"
"7",7,"V",0.6183214906,0.2,"Positivo"
"8",8,"V",0.6032348637,0,"No charge"
"9",9,"I",0.6201869166,0.2,"Positivo"
"10",10,"S",0.6401255362,0.2,"Positivo"
"11",11,"R",0.6793860784,0.2,"Positivo"
"12",12,"P",0.7228724012,0.2,"Positivo"
"13",13,"A",0.7806182894,0.4,"Positivo"
"14",14,"V",0.8359849576,0.2,"Positivo"
"15",15,"R",0.8886145021,0.2,"Positivo"
"16",16,"P",0.9103989896,0.2,"Positivo"
"17",17,"V",0.9425548679,0.2,"Positivo"
"18",18,"S",0.9647478585,0.2,"Positivo"
"19",19,"T",0.9808151848,0.4,"Positivo"
"20",20,"R",0.9709490078,0.4,"Positivo"
"21",21,"R",0.9558674122,0.4,"Positivo"
"22",22,"A",0.9415987127,0.4,"Positivo"
"23",23,"V",0.9036799398,0.2,"Positivo"
"24",24,"V",0.89850456,0.2,"Positivo"
"25",25,"V",0.8848402558,0.2,"Positivo"
"26",26,"R",0.8724517838,0.2,"Positivo"
"27",27,"A",0.8252534663,0.2,"Positivo"
"28",28,"S",0.7481043242,0.2,"Positivo"
"29",29,"G",0.6728230864,0,"No charge"
"30",30,"Q",0.6348447131,0,"No charge"
"31",31,"P",0.6195760707,0,"No charge"
"32",32,"A",0.6314568303,-0.2,"Negativo"
"33",33,"V",0.5848224299,-0.2,"Negativo"
"34",34,"D",0.5629614141,-0.2,"Negativo"
"35",35,"L",0.5345567643,0,"No charge"
"36",36,"N",0.515862238,0.2,"Positivo"
"37",37,"K",0.5284464599,0.4,"Positivo"
"38",38,"K",0.5189804991,0.4,"Positivo"
"39",39,"V",0.4764759473,0.2,"Positivo"
"40",40,"Q",0.4149762067,0,"No charge"
"41",41,"D",0.336708533,-0.2,"Negativo"
"42",42,"A",0.2865993106,0,"No charge"
"43",43,"V",0.2518403148,-0.2,"Negativo"
"44",44,"K",0.2243843557,0,"No charge"
"45",45,"E",0.2433543785,-0.2,"Negativo"
"46",46,"A",0.2737142395,-0.4,"Negativo"
"47",47,"E",0.3260346143,-0.6,"Negativo"
"48",48,"D",0.3997433131,-0.4,"Negativo"
"49",49,"A",0.4127699704,-0.4,"Negativo"
"50",50,"C",0.4314638338,0,"No charge"
"51",51,"A",0.4482174077,0.2,"Positivo"
"52",52,"K",0.4452132623,0.2,"Positivo"
"53",53,"G",0.4376219547,0.2,"Positivo"
"54",54,"T",0.4089543279,0.2,"Positivo"
"55",55,"S",0.3670942042,-0.2,"Negativo"
"56",56,"A",0.3351388637,-0.2,"Negativo"
"57",57,"D",0.3144359628,-0.2,"Negativo"
"58",58,"C",0.3105454144,-0.2,"Negativo"
"59",59,"A",0.2808037108,0,"No charge"
"60",60,"V",0.2897094431,0,"No charge"
