,<Rg> (nm),<Ree> (nm),nu,<Delta>,<S>,Sconf/N (kB)
Value,3.11572601394142,7.3181538581848145,0.5305644931556874,0.24413330928257324,0.9661021279049212,10.394239563180582
Error,0.03454877370258685,0.14253842198199512,0.002706849403892398,0.0223378193975783,0.10906530955622158,0.0
