,<Rg> (nm),<Ree> (nm),nu,<Delta>,<S>,Sconf/N (kB)
Value,1.9932746126755112,1.8410069942474365,-0.05105007028383541,0.12708490754895574,0.3740573887208135,9.937069394604992
Error,0.006242872465722463,0.04450714574837343,0.03861732947288318,0.00510463548584998,0.023690688949430185,0.0
