,<Rg> (nm),<Ree> (nm),nu,<Delta>,<S>,Sconf/N (kB)
Value,1.7703370488435373,2.507209539413452,-0.04562982044054422,0.11459067845729937,0.33596066087140536,9.912863141221518
Error,0.007216752632216695,0.047769573198979,0.02444977656708749,0.006777436062561119,0.03189257102983084,0.0
