,<Rg> (nm),<Ree> (nm),nu,<Delta>,<S>,Sconf/N (kB)
Value,1.6728787809755135,2.4994583129882812,-0.038963548859337824,0.09653933386504635,0.34703269476515325,9.798008500512736
Error,0.007966716366068943,0.05529739920577202,0.021658990832241078,0.007629053149586288,0.09141036049629095,0.0
