construct,mean_delta,sd_delta
D1,1.2529592423852,0.254550552179357
D2,0.863651552818223,0.0524413217305099
D3,0.731088387465143,0.0385611774192057
D4,0.094695965560722,0.148111718651295
D6,-0.0435076292643242,0.0681736493495544
D7,0.361608216275676,0.0784973098113355
D8,0.082212525031741,0.077092511427634
D9,0.1687774665739,0.105002250486031
S1,0.470901742952676,0.0871798731708823
WT,1.79634898120215,0.288692507405938
