,<Rg> (nm),<Ree> (nm),nu,<Delta>,<S>,Sconf/N (kB)
Value,2.999220842674432,7.1114959716796875,0.5464129437210192,0.21337262775629376,0.9097854899384673,10.285752358770303
Error,0.023198506857742614,0.11282214122725763,0.00207863638961852,0.014519897086000783,0.0951894059363659,0.0
