,<Rg> (nm),<Ree> (nm),nu,<Delta>,<S>,Sconf/N (kB)
Value,3.0634192307504304,7.352204322814941,0.5643988250796794,0.22667403159471863,0.8631629802250188,10.285249744690102
Error,0.02106101517422017,0.08738803312756273,0.0016160266557237312,0.014847729794556085,0.07324687040123296,0.0
