,<Rg> (nm),<Ree> (nm),nu,<Delta>,<S>,Sconf/N (kB)
Value,1.7513329317446769,2.465789318084717,-0.05375108553742376,0.10936919159350128,0.38264070200681727,9.880177824159018
Error,0.007816443382314298,0.04702661668384904,0.025613616632803503,0.006215119750801223,0.05058279469061473,0.0
