,<Rg> (nm),<Ree> (nm),nu,<Delta>,<S>,Sconf/N (kB)
Value,3.0369230244376277,7.403140544891357,0.5671026926944569,0.22504668066016148,0.9450258479811097,10.233731631230897
Error,0.021556445927845766,0.0880550549000637,0.0009924939155613233,0.014609926118308234,0.08686501580736866,0.0
