,<Rg> (nm),<Ree> (nm),nu,<Delta>,<S>,Sconf/N (kB)
Value,3.0701575520320135,7.38832950592041,0.559940665279895,0.2309697217508199,0.93321447523111,10.237174245689191
Error,0.021542984920747167,0.0927852477353074,0.00134313500888724,0.01565779759124569,0.09337592769453879,0.0
