,<Rg> (nm),<Ree> (nm),nu,<Delta>,<S>,Sconf/N (kB)
Value,3.0212172354629927,7.225818157196045,0.5531175023910612,0.21600978700194592,0.921720822677835,10.286213074624806
Error,0.024027515349364703,0.10235556369180229,0.0018298363515874873,0.013343868682463015,0.08627915512118055,0.0
