,<Rg> (nm),<Ree> (nm),nu,<Delta>,<S>,Sconf/N (kB)
Value,2.8259269347558513,6.134936332702637,0.42923946171620153,0.197198027841455,0.8636594099446765,10.387946049169587
Error,0.04102696036161305,0.17161686297965026,0.006171611448156991,0.020898354295457937,0.12761137431017183,0.0
