,<Rg> (nm),<Ree> (nm),nu,<Delta>,<S>,Sconf/N (kB)
Value,3.7221306593951424,8.637721416865936,0.5207314101601916,0.2021284606906197,0.8452651666071455,9.954251927449842
Error,0.036251968764192746,0.1530822457427354,0.00211633056220384,0.01739296926087233,0.11853916833824793,0.0
