,<Rg> (nm),<Ree> (nm),nu,<Delta>,<S>,Sconf/N (kB)
Value,2.9369690080563444,6.742617130279541,0.5188911829461698,0.20090303956220554,0.8880757919365061,10.309910288112752
Error,0.029761102527901227,0.14354925179021244,0.0029710161065609913,0.01573190487976516,0.09339670767434886,0.0
