,<Rg> (nm),<Ree> (nm),nu,<Delta>,<S>,Sconf/N (kB)
Value,3.480244122264794,8.220842361450195,0.5229516313024664,0.21142321015063317,0.8769944434240435,10.335919309035491
Error,0.011590763420401079,0.04488009738710359,0.0013806834053769026,0.006159531858539497,0.0400673631717837,0.0
