,<Rg> (nm),<Ree> (nm),nu,<Delta>,<S>,Sconf/N (kB)
Value,3.754252811323147,8.902934074401855,0.5417742841310463,0.2219504499344171,0.9121873273248964,10.214014905387444
Error,0.011107278392327571,0.04532626868791068,0.0014528358813599186,0.005972173052803205,0.03632615064808968,0.0
