,<Rg> (nm),<Ree> (nm),nu,<Delta>,<S>,Sconf/N (kB)
Value,1.8495384385963938,2.7836363315582275,-0.02857867855426148,0.11592704482794622,0.33323109803054685,9.965712159384491
Error,0.006676908438660544,0.05058262597825135,0.02662528087688711,0.005943484980161933,0.02609009846658144,0.0
