,<Rg> (nm),<Ree> (nm),nu,<Delta>,<S>,Sconf/N (kB)
Value,2.8749776630730435,6.4267683029174805,0.46406994072395424,0.20607348207310755,0.9636504369231003,10.361321276043556
Error,0.03882415214236252,0.1628978683701092,0.005172422395069069,0.024379382362691403,0.15573020715577554,0.0
