,<Rg> (nm),<Ree> (nm),nu,<Delta>,<S>,Sconf/N (kB)
Value,2.023893207109501,1.9789013862609863,-0.04642342447823486,0.12271712468769126,0.35679933095370026,10.03434258916316
Error,0.006289132616180294,0.029574415389851533,0.037112590181039615,0.004900417475757406,0.0223368803540521,0.0
