,<Rg> (nm),<Ree> (nm),nu,<Delta>,<S>,Sconf/N (kB)
Value,3.2237508863145727,7.781856536865234,0.570630036941753,0.21030047299073248,0.9950728512475517,10.315610602706249
Error,0.02703264954525479,0.11030737435924237,0.0013854642425099146,0.016309985874366884,0.11646018633077312,0.0
