,<Rg> (nm),<Ree> (nm),nu,<Delta>,<S>,Sconf/N (kB)
Value,3.0902443028434554,7.533194065093994,0.5761014185028704,0.22096786291576875,0.965867517315916,10.264746084767348
Error,0.01639727110984768,0.08829770375366756,0.0012617290512753664,0.012636794186869988,0.07215935954542757,0.0
