,<Rg> (nm),<Ree> (nm),nu,<Delta>,<S>,Sconf/N (kB)
Value,3.0014485170935394,7.228089332580566,0.5547954730853297,0.19437352755726087,0.8588742189050413,10.232507156022919
Error,0.01918063535157726,0.08272549013575257,0.0011506529772147436,0.012395223193773616,0.07889310205764122,0.0
