,<Rg> (nm),<Ree> (nm),nu,<Delta>,<S>,Sconf/N (kB)
Value,2.598429855748446,6.258008003234863,0.5602526283420896,0.22267689344852556,0.9316853556416623,10.498337964634006
Error,0.004848176072665847,0.021910758935627356,0.0037635819366586758,0.0037764633347807004,0.02206807338324957,0.0
