,<Rg> (nm),<Ree> (nm),nu,<Delta>,<S>,Sconf/N (kB)
Value,2.184342309616619,2.6745412349700928,0.07811260821741332,0.1385802747239082,0.5365417281010233,10.15804222131116
Error,0.019866466663422455,0.12353645407312146,0.025066229479825012,0.016148211693380335,0.16241624693820217,0.0
