,<Rg> (nm),<Ree> (nm),nu,<Delta>,<S>,Sconf/N (kB)
Value,3.0406075289405106,7.295237064361572,0.5595115556992282,0.22068901325194948,0.91724802307233,10.46505558057298
Error,0.006650087397537506,0.02829075408650388,0.0014377804400228704,0.004499519065543391,0.02633520497353538,0.0
