,<Rg> (nm),<Ree> (nm),nu,<Delta>,<S>,Sconf/N (kB)
Value,1.8745984320873073,2.3168578147888184,-0.05833293957786946,0.11889198067721415,0.3927380842304345,9.996479237021612
Error,0.007311215677846269,0.04884028285836168,0.029704660026978,0.006334867193564439,0.03642900917230551,0.0
