,<Rg> (nm),<Ree> (nm),nu,<Delta>,<S>,Sconf/N (kB)
Value,2.1008608197329584,2.9340078830718994,0.017259742897379134,0.12844862430197668,0.3955303942181574,10.183911979451137
Error,0.010329299762298577,0.067088289796661,0.027036633542918388,0.006608289584530806,0.033356404151459344,0.0
