,<Rg> (nm),<Ree> (nm),nu,<Delta>,<S>,Sconf/N (kB)
Value,3.2056511578180884,7.672714710235596,0.5561146803921503,0.22688875185356672,0.932236848813847,10.406739736227662
Error,0.029612346088113778,0.11683618845675757,0.0015379515468947934,0.01775303573197,0.11633198464162452,0.0
