,<Rg> (nm),<Ree> (nm),nu,<Delta>,<S>,Sconf/N (kB)
Value,3.002042240107087,7.178467273712158,0.5571225118598067,0.2192309923672991,0.9446267138448472,10.144502885431464
Error,0.029153250901885516,0.08709841418098455,0.002062094707452333,0.016323071122267586,0.0943227520264852,0.0
