,<Rg> (nm),<Ree> (nm),nu,<Delta>,<S>,Sconf/N (kB)
Value,3.033730923301031,7.3256516456604,0.5574514469117792,0.21507151058554014,0.9302075184329212,10.235506568258451
Error,0.020433607467105045,0.08967970170777755,0.0014388987254861229,0.012980838232354689,0.08629258412257244,0.0
