,<Rg> (nm),<Ree> (nm),nu,<Delta>,<S>,Sconf/N (kB)
Value,2.8326563653425794,6.277867794036865,0.4812467975104468,0.213302447441837,0.8716791866836361,10.25276655431868
Error,0.03449641544291425,0.1590920317313078,0.004091811931707202,0.022071108270162183,0.10890754476399234,0.0
