,<Rg> (nm),<Ree> (nm),nu,<Delta>,<S>,Sconf/N (kB)
Value,2.087634585204069,2.059098243713379,-0.012782604169521818,0.1272944394224422,0.3885332043419569,10.059725462852764
Error,0.007027467578341862,0.03514009112969234,0.03351284027633285,0.005015528363232914,0.024995636089834936,0.0
