,<Rg> (nm),<Ree> (nm),nu,<Delta>,<S>,Sconf/N (kB)
Value,2.603855075281721,6.223281383514404,0.5560457681555543,0.22620108839460346,0.9298226540749335,10.22071029170044
Error,0.01398276936745834,0.0595569202843631,0.0045601540638802235,0.011551495985801644,0.06554982041919245,0.0
