,<Rg> (nm),<Ree> (nm),nu,<Delta>,<S>,Sconf/N (kB)
Value,2.7405289417532943,5.834488868713379,0.3898019571293995,0.18909684673376737,0.7433281638499674,10.3706901696761
Error,0.03509519126959017,0.15456316064062464,0.008363896736534069,0.0212808768753248,0.11642325746323018,0.0
