,<Rg> (nm),<Ree> (nm),nu,<Delta>,<S>,Sconf/N (kB)
Value,1.9104843371243163,2.326908588409424,-0.0530444421844973,0.11781293718142452,0.376193051819555,10.012259507447727
Error,0.0073078481898587195,0.04570316584576277,0.029933691742145278,0.005716994360739102,0.02995902226829246,0.0
