,<Rg> (nm),<Ree> (nm),nu,<Delta>,<S>,Sconf/N (kB)
Value,2.83137604333849,6.312165260314941,0.48517303948419904,0.20843919676719266,0.8459503670929824,10.286875686486633
Error,0.02952825643281158,0.1269215757887894,0.003608906814042578,0.01764916762810605,0.09308017001826757,0.0
