,<Rg> (nm),<Ree> (nm),nu,<Delta>,<S>,Sconf/N (kB)
Value,3.060965667602725,7.251301288604736,0.5534830481868094,0.21624314391814864,0.9190746288247765,10.199343521721776
Error,0.02401799630592881,0.10439167425396735,0.0012143558140590845,0.014832279225468366,0.08183031894929405,0.0
