,<Rg> (nm),<Ree> (nm),nu,<Delta>,<S>,Sconf/N (kB)
Value,2.093933194109468,3.705857753753662,0.1497815607046327,0.1394913936047866,0.44431824821967286,10.14637521619158
Error,0.013121406215111061,0.07882400555181766,0.016559995170516408,0.012386862422169187,0.07045356024255968,0.0
