,<Rg> (nm),<Ree> (nm),nu,<Delta>,<S>,Sconf/N (kB)
Value,2.4264974577742953,4.3016276359558105,0.21498068362117567,0.1856700834137549,0.7241517042638156,10.362093505691902
Error,0.029922934101322594,0.1249060591256622,0.014622654710711128,0.03435942073079556,0.21437052678562418,0.0
