,<Rg> (nm),<Ree> (nm),nu,<Delta>,<S>,Sconf/N (kB)
Value,3.0351899224749292,7.254841327667236,0.5458000370475079,0.23518465060992758,0.9310612293338368,10.319784156060036
Error,0.02428177869466807,0.10194313321020886,0.0017737200531573233,0.018944750336420457,0.11606384619210705,0.0
