,<Rg> (nm),<Ree> (nm),nu,<Delta>,<S>,Sconf/N (kB)
Value,3.042986522146013,7.280474662780762,0.561372216641483,0.21720173319468739,0.9145412642543703,10.238130561340137
Error,0.02088501466291593,0.08745616311560925,0.000991379050501465,0.013018463189028254,0.07573520667626561,0.0
