,<Rg> (nm),<Ree> (nm),nu,<Delta>,<S>,Sconf/N (kB)
Value,3.0506926300971546,7.350919723510742,0.5583209364273489,0.21455159870562673,0.9265011553306728,10.229415630000727
Error,0.020975677812084585,0.08670732847723549,0.0015885400471771702,0.012928877329326738,0.08463519463149918,0.0
