,<Rg> (nm),<Ree> (nm),nu,<Delta>,<S>,Sconf/N (kB)
Value,3.171180267682749,7.637864589691162,0.5634218772892604,0.2194048149077939,0.9256855956479154,10.32782259861311
Error,0.02354375335492118,0.09954630673774341,0.0012470720627737958,0.014257408358101919,0.07765450543447718,0.0
