,<Rg> (nm),<Ree> (nm),nu,<Delta>,<S>,Sconf/N (kB)
Value,2.9455150232862657,6.928941249847412,0.5216139673188153,0.21650602186724163,0.8544298200532043,10.291483088982774
Error,0.025618392145539244,0.11065667717577618,0.002452369136132223,0.01549123578015604,0.0848424737824326,0.0
