,<Rg> (nm),<Ree> (nm),nu,<Delta>,<S>,Sconf/N (kB)
Value,1.8918697586496986,2.8647584915161133,0.003446247639209303,0.13416777471350183,0.49700340608484866,10.061557741236667
Error,0.010475147457795084,0.049375082735206285,0.02405185397101041,0.008039769895589332,0.05858948098133317,0.0
