,<Rg> (nm),<Ree> (nm),nu,<Delta>,<S>,Sconf/N (kB)
Value,3.133106607295979,7.296926498413086,0.5254574745799317,0.22579366084704836,0.9093019002943074,10.42242162768613
Error,0.027918831240981042,0.12308856100335158,0.0024798645600223957,0.0200759838629342,0.10543482613096347,0.0
