,<Rg> (nm),<Ree> (nm),nu,<Delta>,<S>,Sconf/N (kB)
Value,3.044003295483665,7.280466079711914,0.5572925562035915,0.22238535824044142,0.9168551116329771,10.488305509303942
Error,0.006646758376055804,0.02784911826194496,0.0016111383243509496,0.004499570352590905,0.02633241501697765,0.0
