,<Rg> (nm),<Ree> (nm),nu,<Delta>,<S>,Sconf/N (kB)
Value,3.0785051514708246,7.410794258117676,0.559795064281355,0.22675031131707496,0.9132872863690372,10.223834983832456
Error,0.021437150194247388,0.0872011745593016,0.0018632434518200784,0.015062810444952756,0.08672052840234853,0.0
