,<Rg> (nm),<Ree> (nm),nu,<Delta>,<S>,Sconf/N (kB)
Value,3.104894807269897,7.275743007659912,0.5201216778876343,0.2228122113994763,0.8979213420902427,10.478299282735184
Error,0.03489793305506415,0.1387538106956776,0.0031862590615738236,0.018220360497329162,0.10434892463839189,0.0
