,<Rg> (nm),<Ree> (nm),nu,<Delta>,<S>,Sconf/N (kB)
Value,3.013168057487088,7.315204620361328,0.5622212055834848,0.22911709769713023,0.9364083954108657,10.184298285465681
Error,0.02146917472664889,0.08733680548971176,0.0016026960912941413,0.014465274196609972,0.08997051095397952,0.0
